Dmon_ID,Dvir_ID,Dmel_ID
augustus_masked-scaffold1011-size29701-abinit-gene-0.3,-,-
augustus_masked-scaffold1122-size26204-abinit-gene-0.0,-,-
augustus_masked-scaffold1252-size42527-abinit-gene-0.3,-,-
augustus_masked-scaffold1263-size24578-abinit-gene-0.0,-,-
augustus_masked-scaffold1313-size21982-abinit-gene-0.0,-,-
augustus_masked-scaffold1326-size36164-abinit-gene-0.7,-,-
augustus_masked-scaffold1435-size56412-abinit-gene-0.1,-,-
augustus_masked-scaffold1442-size69153-abinit-gene-0.1,-,-
augustus_masked-scaffold149-size45222-abinit-gene-0.0,-,-
augustus_masked-scaffold1575-size46945-abinit-gene-0.1,-,-
augustus_masked-scaffold1579-size35730-abinit-gene-0.0,-,-
augustus_masked-scaffold1597-size14310-abinit-gene-0.0,-,-
augustus_masked-scaffold16-size143973-abinit-gene-0.0,-,-
augustus_masked-scaffold16-size143973-abinit-gene-0.2,-,-
augustus_masked-scaffold1627-size36705-abinit-gene-0.2,-,-
augustus_masked-scaffold1642-size42983-abinit-gene-0.2,-,-
augustus_masked-scaffold1654-size68609-abinit-gene-0.15,-,-
augustus_masked-scaffold1694-size31559-abinit-gene-0.0,-,-
augustus_masked-scaffold1696-size20501-abinit-gene-0.1,-,-
augustus_masked-scaffold171-size153362-abinit-gene-0.3,-,-
augustus_masked-scaffold1734-size30477-abinit-gene-0.0,-,-
augustus_masked-scaffold177-size153351-abinit-gene-0.14,-,-
augustus_masked-scaffold177-size153351-abinit-gene-0.17,-,-
augustus_masked-scaffold1792-size44811-abinit-gene-0.1,-,-
augustus_masked-scaffold1864-size18575-abinit-gene-0.0,-,-
augustus_masked-scaffold1939-size45852-abinit-gene-0.3,-,-
augustus_masked-scaffold1997-size37267-abinit-gene-0.3,-,-
augustus_masked-scaffold203-size96283-abinit-gene-0.0,-,-
augustus_masked-scaffold2190-size20712-abinit-gene-0.0,-,-
augustus_masked-scaffold223-size114676-abinit-gene-1.1,-,-
augustus_masked-scaffold2258-size22899-abinit-gene-0.0,-,-
augustus_masked-scaffold2318-size15563-abinit-gene-0.0,-,-
augustus_masked-scaffold2373-size27993-abinit-gene-0.0,-,-
augustus_masked-scaffold2378-size64464-abinit-gene-0.4,-,-
augustus_masked-scaffold24-size118282-abinit-gene-0.15,-,-
augustus_masked-scaffold2531-size12154-abinit-gene-0.0,-,-
augustus_masked-scaffold2584-size11644-abinit-gene-0.1,-,-
augustus_masked-scaffold2600-size15771-abinit-gene-0.0,-,-
augustus_masked-scaffold274-size124964-abinit-gene-1.4,-,-
augustus_masked-scaffold2774-size24531-abinit-gene-0.6,-,-
augustus_masked-scaffold290-size88602-abinit-gene-0.7,-,-
augustus_masked-scaffold294-size82556-abinit-gene-0.10,-,-
augustus_masked-scaffold298-size98478-abinit-gene-0.1,-,-
augustus_masked-scaffold32-size198344-abinit-gene-0.0,-,-
augustus_masked-scaffold32-size198344-abinit-gene-1.2,-,-
augustus_masked-scaffold3222-size16260-abinit-gene-0.0,-,-
augustus_masked-scaffold331-size168527-abinit-gene-1.0,-,-
augustus_masked-scaffold349-size136186-abinit-gene-0.3,-,-
augustus_masked-scaffold349-size136186-abinit-gene-1.3,-,-
augustus_masked-scaffold3596-size17277-abinit-gene-0.0,-,-
augustus_masked-scaffold462-size112638-abinit-gene-1.0,-,-
augustus_masked-scaffold469-size126012-abinit-gene-0.5,-,-
augustus_masked-scaffold568-size93449-abinit-gene-0.5,-,-
augustus_masked-scaffold577-size65310-abinit-gene-0.0,-,-
augustus_masked-scaffold59-size152908-abinit-gene-0.9,-,-
augustus_masked-scaffold62-size185257-abinit-gene-0.3,-,-
augustus_masked-scaffold634-size151341-abinit-gene-1.9,-,-
augustus_masked-scaffold638-size26151-abinit-gene-0.2,-,-
augustus_masked-scaffold65-size225172-abinit-gene-0.14,-,-
augustus_masked-scaffold65-size225172-abinit-gene-0.18,-,-
augustus_masked-scaffold681-size147983-abinit-gene-1.6,-,-
augustus_masked-scaffold718-size61946-abinit-gene-0.4,-,-
augustus_masked-scaffold845-size43869-abinit-gene-0.1,-,-
augustus_masked-scaffold869-size86550-abinit-gene-0.1,-,-
augustus_masked-scaffold888-size36447-abinit-gene-0.0,-,-
augustus_masked-scaffold973-size43363-abinit-gene-0.0,-,-
maker-scaffold79-size113372-augustus-gene-0.49,FBgn0013086,Hsp83
maker-scaffold1171-size39208-augustus-gene-0.18,FBgn0013096,Sod1
maker-scaffold245-size135082-augustus-gene-0.16,FBgn0013101,Uro
snap_masked-scaffold1654-size68609-abinit-gene-0.19,FBgn0015210,fu
maker-scaffold879-size45976-augustus-gene-0.15,FBgn0016474,Yp1
augustus_masked-scaffold79-size113372-abinit-gene-0.17,FBgn0020069,CG14965
maker-scaffold328-size92609-augustus-gene-0.30,FBgn0042729,nonA
maker-scaffold191-size139346-augustus-gene-0.20,FBgn0042730,Nach
maker-scaffold328-size92609-snap-gene-0.41,FBgn0042731,PIG-Q
maker-scaffold191-size139346-snap-gene-0.26,FBgn0042732,Amyrel
maker-scaffold1586-size39982-snap-gene-0.9,FBgn0046719,otp
maker-scaffold328-size92609-snap-gene-0.40,FBgn0063930,sl
maker-scaffold32-size198344-snap-gene-1.62,FBgn0064310,PCNA
snap_masked-scaffold1894-size20891-abinit-gene-0.6,FBgn0066145,kirre
maker-scaffold504-size67110-augustus-gene-0.8,FBgn0067466,Sse
maker-scaffold129-size187042-augustus-gene-0.12,FBgn0197359,dpr15
maker-scaffold129-size187042-augustus-gene-0.13,FBgn0197360,CG43673
snap_masked-scaffold129-size187042-abinit-gene-0.4,FBgn0197361,Est-P;Est-6
maker-scaffold129-size187042-augustus-gene-0.15,FBgn0197365,CG4702
augustus_masked-scaffold259-size80497-abinit-gene-0.2,FBgn0197368,CG1137
maker-scaffold259-size80497-augustus-gene-0.15,FBgn0197370,CG42505
maker-scaffold259-size80497-snap-gene-0.20,FBgn0197371,Neurochondrin
augustus_masked-scaffold1446-size24495-abinit-gene-0.4,FBgn0197404,-
maker-scaffold1446-size24495-snap-gene-0.18,FBgn0197405,CG17387
maker-scaffold1446-size24495-augustus-gene-0.12,FBgn0197406,CG14655
maker-scaffold675-size149168-snap-gene-1.38,FBgn0197437,Hph
maker-scaffold60-size148781-augustus-gene-0.29,FBgn0197457,trem
maker-scaffold60-size148781-snap-gene-0.41,FBgn0197459,PIG-L
augustus_masked-scaffold60-size148781-abinit-gene-1.0,FBgn0197460,CG17190
maker-scaffold1435-size56412-augustus-gene-0.7,FBgn0197537,CG14609
maker-scaffold1752-size19262-snap-gene-0.7,FBgn0197563,Lk6
augustus_masked-scaffold349-size136186-abinit-gene-1.10,FBgn0197604,loco
maker-scaffold513-size69722-augustus-gene-0.17,FBgn0197610,hmw
augustus_masked-scaffold513-size69722-abinit-gene-0.3,FBgn0197611,Nup43
snap_masked-scaffold245-size135082-abinit-gene-0.8,FBgn0197652,CG8141
maker-scaffold681-size147983-snap-gene-1.25,FBgn0197660,AdoR
maker-scaffold681-size147983-snap-gene-1.24,FBgn0197661,Tpi
maker-scaffold681-size147983-augustus-gene-1.18,FBgn0197663,Ppi1
maker-scaffold681-size147983-snap-gene-1.21,FBgn0197664,CG45072
maker-scaffold1268-size31467-augustus-gene-0.5,FBgn0197693,CG10869
snap_masked-scaffold565-size33497-abinit-gene-0.7,FBgn0197771,-
maker-scaffold292-size140720-augustus-gene-0.11,FBgn0197781,Alp4
maker-scaffold292-size140720-augustus-gene-0.10,FBgn0197782,Sox100B
maker-scaffold817-size37988-augustus-gene-0.13,FBgn0197783,-
augustus_masked-scaffold266-size117996-abinit-gene-1.1,FBgn0197784,CG11318
maker-scaffold266-size117996-augustus-gene-1.4,FBgn0197785,CG15554
augustus_masked-scaffold1314-size49432-abinit-gene-0.5,FBgn0197810,CG31463
maker-scaffold1314-size49432-snap-gene-0.24,FBgn0197812,mRpL1
augustus_masked-scaffold435-size61576-abinit-gene-0.2,FBgn0197818,Sirt7
maker-scaffold1719-size20929-snap-gene-0.5,FBgn0197845,CG8907
maker-scaffold962-size35755-snap-gene-0.0,FBgn0197865,TTLL15
augustus_masked-scaffold973-size43363-abinit-gene-0.1,FBgn0197880,Octbeta2R
maker-scaffold435-size61576-augustus-gene-0.8,FBgn0197895,Cul5
augustus_masked-scaffold1314-size49432-abinit-gene-0.2,FBgn0197898,nac
snap_masked-scaffold1314-size49432-abinit-gene-0.12,FBgn0197899,CG9626
maker-scaffold1314-size49432-augustus-gene-0.18,FBgn0197900,CG11672
augustus_masked-scaffold266-size117996-abinit-gene-0.3,FBgn0197933,-
augustus_masked-scaffold817-size37988-abinit-gene-0.2,FBgn0197934,-
maker-scaffold817-size37988-augustus-gene-0.15,FBgn0197935,CG11317
augustus_masked-scaffold292-size140720-abinit-gene-0.1,FBgn0197936,dco
maker-scaffold760-size96625-snap-gene-0.14,FBgn0197972,wdb
augustus_masked-scaffold760-size96625-abinit-gene-0.3,FBgn0197975,Calx
snap_masked-scaffold681-size147983-abinit-gene-1.15,FBgn0198057,sima
maker-scaffold2348-size17808-augustus-gene-0.5,FBgn0198062,Ace
snap_masked-scaffold245-size135082-abinit-gene-0.11,FBgn0198063,CG8476
maker-scaffold245-size135082-snap-gene-0.20,FBgn0198064,CG8483
augustus_masked-scaffold429-size111872-abinit-gene-0.7,FBgn0198079,grsm
maker-scaffold513-size69722-snap-gene-0.25,FBgn0198106,WRNexo
maker-scaffold513-size69722-augustus-gene-0.18,FBgn0198107,CG15803
augustus_masked-scaffold349-size136186-abinit-gene-1.5,FBgn0198117,mRRF2
augustus_masked-scaffold349-size136186-abinit-gene-1.0,FBgn0198120,mRpL45
snap_masked-scaffold387-size32679-abinit-gene-0.13,FBgn0198240,CG31849
augustus_masked-scaffold387-size32679-abinit-gene-0.5,FBgn0198250,Sfmbt
maker-scaffold387-size32679-augustus-gene-0.16,FBgn0198261,DnaJ-H
maker-scaffold60-size148781-augustus-gene-1.4,FBgn0198268,-
maker-scaffold60-size148781-snap-gene-0.45,FBgn0198269,CG4836
maker-scaffold60-size148781-augustus-gene-0.34,FBgn0198270,psidin
maker-scaffold60-size148781-snap-gene-0.43,FBgn0198272,CG4936
maker-scaffold675-size149168-snap-gene-0.25,FBgn0198281,-
maker-scaffold259-size80497-snap-gene-0.21,FBgn0198341,-
maker-scaffold14-size177586-snap-gene-1.14,FBgn0198419,Msp300
augustus_masked-scaffold14-size177586-abinit-gene-1.1,FBgn0198436,CG14932
maker-scaffold562-size117067-snap-gene-0.6,FBgn0198482,pHCl-1
maker-scaffold562-size117067-snap-gene-1.9,FBgn0198484,meru
maker-scaffold562-size117067-augustus-gene-1.6,FBgn0198485,CG15715;CG18081
maker-scaffold562-size117067-snap-gene-1.11,FBgn0198486,NUCB1
snap_masked-scaffold2042-size28187-abinit-gene-0.5,FBgn0198487,GNBP1
maker-scaffold1540-size28586-snap-gene-0.11,FBgn0198491,ORMDL
maker-scaffold1540-size28586-snap-gene-0.10,FBgn0198493,Fum4
maker-scaffold1540-size28586-augustus-gene-0.6,FBgn0198496,Atox1
maker-scaffold307-size35683-augustus-gene-0.10,FBgn0198501,CG11248
augustus_masked-scaffold32-size198344-abinit-gene-0.2,FBgn0198509,-
augustus_masked-scaffold32-size198344-abinit-gene-0.4,FBgn0198510,-
maker-scaffold32-size198344-snap-gene-1.50,FBgn0198516,Muc68D
maker-scaffold257-size144893-augustus-gene-0.34,FBgn0198552,-
maker-scaffold1171-size39208-augustus-gene-0.19,FBgn0198564,FoxK
augustus_masked-scaffold1171-size39208-abinit-gene-0.0,FBgn0198565,Rrp45
maker-scaffold1537-size14141-augustus-gene-0.8,FBgn0198574,CG6928
maker-scaffold978-size70937-augustus-gene-0.16,FBgn0198615,RhoGAP71E
maker-scaffold421-size227517-snap-gene-1.28,FBgn0198616,CG7372
maker-scaffold1929-size56826-snap-gene-0.12,FBgn0198617,Eig71Ej;Eig71Eh;Eig71Ef
augustus_masked-scaffold776-size52828-abinit-gene-0.0,FBgn0198624,-
snap_masked-scaffold803-size150050-abinit-gene-0.16,FBgn0198629,Grd
augustus_masked-scaffold803-size150050-abinit-gene-0.10,FBgn0198630,CG7430
maker-scaffold803-size150050-augustus-gene-0.24,FBgn0198631,TrpRS-m
maker-scaffold557-size101262-snap-gene-0.31,FBgn0198640,CG34015
maker-scaffold557-size101262-snap-gene-0.30,FBgn0198641,not
maker-scaffold557-size101262-snap-gene-0.29,FBgn0198642,CG13380
snap_masked-scaffold776-size52828-abinit-gene-0.12,FBgn0198645,CG1421
maker-scaffold776-size52828-snap-gene-0.15,FBgn0198667,CG14731;CG3123
augustus_masked-scaffold654-size41495-abinit-gene-0.6,FBgn0198668,CG7248
augustus_masked-scaffold776-size52828-abinit-gene-0.5,FBgn0198688,CG11634
maker-scaffold1656-size13292-augustus-gene-0.8,FBgn0198690,AcCoAS
maker-scaffold1656-size13292-snap-gene-0.9,FBgn0198692,-
maker-scaffold869-size86550-augustus-gene-0.26,FBgn0198696,CG10510
maker-scaffold869-size86550-augustus-gene-0.27,FBgn0198697,CG33056
maker-scaffold869-size86550-snap-gene-0.38,FBgn0198702,bora
maker-scaffold1185-size39856-augustus-gene-0.22,FBgn0198709,CG33986
maker-scaffold1185-size39856-snap-gene-0.32,FBgn0198711,CG7945
maker-scaffold496-size78946-augustus-gene-0.10,FBgn0198720,Best3
maker-scaffold558-size68566-augustus-gene-0.20,FBgn0198727,Pdi
maker-scaffold558-size68566-augustus-gene-0.21,FBgn0198728,CG12316
maker-scaffold380-size92745-snap-gene-0.46,FBgn0198772,gogo
augustus_masked-scaffold137-size142473-abinit-gene-1.3,FBgn0198776,Est-Q
augustus_masked-scaffold137-size142473-abinit-gene-0.18,FBgn0198777,Psn
maker-scaffold137-size142473-snap-gene-0.66,FBgn0198778,CtIP
maker-scaffold137-size142473-snap-gene-0.65,FBgn0198779,CG5910
maker-scaffold137-size142473-augustus-gene-0.42,FBgn0198788,CG4858
augustus_masked-scaffold71-size201782-abinit-gene-1.7,FBgn0198800,CG4042
augustus_masked-scaffold71-size201782-abinit-gene-1.3,FBgn0198801,gig
maker-scaffold71-size201782-snap-gene-0.37,FBgn0198804,CG42674
maker-scaffold371-size89062-snap-gene-0.28,FBgn0198836,SCCRO4
maker-scaffold371-size89062-augustus-gene-0.19,FBgn0198837,polo
maker-scaffold371-size89062-augustus-gene-0.18,FBgn0198838,alphaSnap
augustus_masked-scaffold214-size107269-abinit-gene-0.2,FBgn0198858,Ocho
maker-scaffold214-size107269-snap-gene-0.32,FBgn0198859,CG5114
snap_masked-scaffold149-size45222-abinit-gene-0.7,FBgn0198877,-
maker-scaffold149-size45222-augustus-gene-0.11,FBgn0198878,Abp1
maker-scaffold553-size31788-snap-gene-0.14,FBgn0198879,CG10089
maker-scaffold1127-size100742-augustus-gene-0.14,FBgn0198912,Phlpp
maker-scaffold59-size152908-augustus-gene-1.10,FBgn0198923,CG44837
maker-scaffold59-size152908-snap-gene-0.35,FBgn0198924,-
maker-scaffold59-size152908-augustus-gene-0.28,FBgn0198925,CG14130
maker-scaffold59-size152908-augustus-gene-0.27,FBgn0198926,CG33260
snap_masked-scaffold59-size152908-abinit-gene-0.23,FBgn0198928,-
augustus_masked-scaffold331-size168527-abinit-gene-0.1,FBgn0198961,can
maker-scaffold331-size168527-snap-gene-1.19,FBgn0198963,scramb1
maker-scaffold331-size168527-snap-gene-1.20,FBgn0198964,CG32055
maker-scaffold331-size168527-augustus-gene-1.17,FBgn0198966,ect
maker-scaffold303-size35719-snap-gene-0.7,FBgn0198968,dpr10
maker-scaffold27-size146222-snap-gene-0.21,FBgn0198973,CG33476;CG33477;CG12898
augustus_masked-scaffold27-size146222-abinit-gene-0.1,FBgn0198974,CG14826
maker-scaffold835-size105273-snap-gene-0.37,FBgn0199011,CG32488
maker-scaffold1259-size33082-augustus-gene-0.4,FBgn0199039,CG33308
augustus_masked-scaffold775-size33444-abinit-gene-0.0,FBgn0199052,Ssl1
maker-scaffold1440-size58071-augustus-gene-0.7,FBgn0199060,Pgant4
maker-scaffold1153-size50624-augustus-gene-0.17,FBgn0199062,-
maker-scaffold1065-size75443-augustus-gene-0.6,FBgn0199064,nrm
augustus_masked-scaffold2464-size11047-abinit-gene-0.2,FBgn0199118,-
maker-scaffold2464-size11047-snap-gene-0.8,FBgn0199119,CG8765
maker-scaffold1101-size82628-augustus-gene-0.14,FBgn0199152,-
augustus_masked-scaffold811-size79825-abinit-gene-0.2,FBgn0199159,Aldh7A1
maker-scaffold811-size79825-augustus-gene-0.38,FBgn0199161,nes
maker-scaffold434-size46478-augustus-gene-0.4,FBgn0199171,CG14115
maker-scaffold843-size21879-snap-gene-0.9,FBgn0199179,Ect4
snap_masked-scaffold2091-size22887-abinit-gene-0.1,FBgn0199185,CG15269
maker-scaffold2091-size22887-augustus-gene-0.3,FBgn0199206,stc
augustus_masked-scaffold1558-size47948-abinit-gene-0.0,FBgn0199228,CG44329
maker-scaffold30-size93694-augustus-gene-0.24,FBgn0199253,CG10226
augustus_masked-scaffold30-size93694-abinit-gene-0.4,FBgn0199254,CG13299
maker-scaffold30-size93694-augustus-gene-0.25,FBgn0199255,LanA
maker-scaffold852-size125918-augustus-gene-0.12,FBgn0199260,CG14958
maker-scaffold356-size58926-snap-gene-0.13,FBgn0199267,CG42673
augustus_masked-scaffold356-size58926-abinit-gene-0.1,FBgn0199272,CG3222
snap_masked-scaffold356-size58926-abinit-gene-0.7,FBgn0199273,CG3306
augustus_masked-scaffold1903-size15496-abinit-gene-0.1,FBgn0199315,WDR79
augustus_masked-scaffold519-size102323-abinit-gene-0.0,FBgn0199326,-
maker-scaffold24-size118282-augustus-gene-0.47,FBgn0199331,CG7324
maker-scaffold90-size195182-snap-gene-1.41,FBgn0199379,CG8177
augustus_masked-scaffold79-size113372-abinit-gene-0.19,FBgn0199439,CG14966
maker-scaffold79-size113372-snap-gene-0.71,FBgn0199440,-
maker-scaffold79-size113372-augustus-gene-0.55,FBgn0199441,CG14964
augustus_masked-scaffold79-size113372-abinit-gene-0.14,FBgn0199442,CG14963
maker-scaffold79-size113372-augustus-gene-0.54,FBgn0199443,CG5626
maker-scaffold79-size113372-augustus-gene-0.53,FBgn0199445,thoc6
augustus_masked-scaffold79-size113372-abinit-gene-0.6,FBgn0199447,Pus7
maker-scaffold602-size52133-augustus-gene-0.15,FBgn0199538,-
maker-scaffold1332-size21654-augustus-gene-0.7,FBgn0199544,CG13312
maker-scaffold246-size161979-augustus-gene-1.17,FBgn0199551,CG11149
maker-scaffold246-size161979-augustus-gene-1.16,FBgn0199560,CG14007
maker-scaffold93-size95087-augustus-gene-0.30,FBgn0199563,CG11534
maker-scaffold93-size95087-augustus-gene-0.29,FBgn0199564,Atg12
augustus_masked-scaffold93-size95087-abinit-gene-0.4,FBgn0199565,RhoGAP68F
augustus_masked-scaffold93-size95087-abinit-gene-0.2,FBgn0199567,Nrx-IV
maker-scaffold3254-size15861-snap-gene-0.12,FBgn0199686,Jon66Ci;Jon66Cii;Jon25Biii
maker-scaffold294-size82556-augustus-gene-0.40,FBgn0199701,spd-2
augustus_masked-scaffold294-size82556-abinit-gene-0.9,FBgn0199704,CG12091
maker-scaffold294-size82556-augustus-gene-0.42,FBgn0199707,cue
maker-scaffold294-size82556-snap-gene-0.55,FBgn0199708,hfp
maker-scaffold568-size93449-augustus-gene-0.37,FBgn0199746,-
augustus_masked-scaffold568-size93449-abinit-gene-0.6,FBgn0199748,LysE;LysD;LysB
maker-scaffold1533-size58606-augustus-gene-0.15,FBgn0199822,skd
maker-scaffold1533-size58606-augustus-gene-0.16,FBgn0199824,CG33286;CG33287
snap_masked-scaffold1240-size55914-abinit-gene-0.18,FBgn0199868,CG13060;CG13041
maker-scaffold1240-size55914-snap-gene-0.36,FBgn0199871,CG13044
maker-scaffold539-size68715-augustus-gene-0.16,FBgn0199940,trio
maker-scaffold539-size68715-augustus-gene-0.15,FBgn0199941,Usp5
maker-scaffold539-size68715-snap-gene-0.18,FBgn0199942,CG11537
maker-scaffold539-size68715-snap-gene-0.17,FBgn0199944,prominin-like
augustus_masked-scaffold539-size68715-abinit-gene-0.4,FBgn0199959,Alg2
maker-scaffold1518-size14388-augustus-gene-0.5,FBgn0199962,Aplip1
maker-scaffold5-size95213-augustus-gene-0.37,FBgn0200041,Cpr
maker-scaffold1533-size58606-augustus-gene-0.17,FBgn0200055,CG12984
maker-scaffold783-size78001-augustus-gene-0.38,FBgn0200077,CG1273
maker-scaffold5-size95213-augustus-gene-0.39,FBgn0200083,slam
snap_masked-scaffold5-size95213-abinit-gene-0.24,FBgn0200095,CG9500
maker-scaffold568-size93449-augustus-gene-0.44,FBgn0200132,CG9119;CG32335
snap_masked-scaffold692-size26644-abinit-gene-0.4,FBgn0200153,-
maker-scaffold294-size82556-snap-gene-0.60,FBgn0200155,Psa
snap_masked-scaffold1320-size16921-abinit-gene-0.1,FBgn0200160,PVRAP
maker-scaffold3254-size15861-augustus-gene-0.8,FBgn0200164,-
augustus_masked-scaffold560-size41610-abinit-gene-0.2,FBgn0200273,CG6497
maker-scaffold93-size95087-augustus-gene-0.24,FBgn0200277,eIF3l
augustus_masked-scaffold93-size95087-abinit-gene-0.5,FBgn0200278,ND-SGDH
maker-scaffold93-size95087-augustus-gene-0.25,FBgn0200279,CG5645
maker-scaffold444-size30723-snap-gene-0.6,FBgn0200283,rhea
maker-scaffold1332-size21654-augustus-gene-0.9,FBgn0200302,CG34426
maker-scaffold1332-size21654-snap-gene-0.11,FBgn0200304,CG13308
maker-scaffold1645-size58039-snap-gene-0.15,FBgn0200305,dally
augustus_masked-scaffold602-size52133-abinit-gene-0.3,FBgn0200310,GNBP3
augustus_masked-scaffold79-size113372-abinit-gene-0.7,FBgn0200400,ZC3H3
maker-scaffold79-size113372-augustus-gene-0.45,FBgn0200401,CG11529
maker-scaffold79-size113372-augustus-gene-0.46,FBgn0200402,CG32281
maker-scaffold79-size113372-augustus-gene-0.47,FBgn0200404,Girdin
maker-scaffold634-size151341-augustus-gene-1.23,FBgn0200461,Set2
maker-scaffold24-size118282-snap-gene-0.53,FBgn0200510,Tsr1
maker-scaffold24-size118282-snap-gene-0.54,FBgn0200511,CG32436
snap_masked-scaffold24-size118282-abinit-gene-0.27,FBgn0200514,CG32437
maker-scaffold24-size118282-augustus-gene-0.42,FBgn0200516,CG32440
maker-scaffold1401-size20018-snap-gene-0.8,FBgn0200616,Mrtf
augustus_masked-scaffold504-size67110-abinit-gene-0.1,FBgn0200639,-
maker-scaffold261-size61295-augustus-gene-0.9,FBgn0200640,-
maker-scaffold261-size61295-snap-gene-0.10,FBgn0200641,sif
augustus_masked-scaffold222-size40158-abinit-gene-0.2,FBgn0200672,-
augustus_masked-scaffold434-size46478-abinit-gene-0.0,FBgn0200689,CG34428
augustus_masked-scaffold811-size79825-abinit-gene-0.6,FBgn0200707,Bet1
maker-scaffold811-size79825-snap-gene-0.49,FBgn0200708,CG9666
maker-scaffold811-size79825-augustus-gene-0.40,FBgn0200709,CG14085
snap_masked-scaffold811-size79825-abinit-gene-0.21,FBgn0200710,CG14086
maker-scaffold1101-size82628-snap-gene-0.20,FBgn0200711,fal
maker-scaffold2464-size11047-augustus-gene-0.5,FBgn0200732,Gbeta76C
maker-scaffold379-size74818-snap-gene-0.18,FBgn0200821,Shab
maker-scaffold835-size105273-augustus-gene-0.25,FBgn0200825,CPT2
maker-scaffold835-size105273-augustus-gene-0.26,FBgn0200826,CG2113
augustus_masked-scaffold835-size105273-abinit-gene-0.2,FBgn0200827,FMRFaR
augustus_masked-scaffold27-size146222-abinit-gene-0.0,FBgn0200868,CG14829
augustus_masked-scaffold27-size146222-abinit-gene-0.3,FBgn0200870,Dscam2
maker-scaffold303-size35719-snap-gene-0.8,FBgn0200876,CG8072
augustus_masked-scaffold331-size168527-abinit-gene-1.1,FBgn0200877,CG8065
augustus_masked-scaffold59-size152908-abinit-gene-0.0,FBgn0200914,CG13473
maker-scaffold59-size152908-snap-gene-0.30,FBgn0200915,ome
augustus_masked-scaffold59-size152908-abinit-gene-0.5,FBgn0200916,CG9384
augustus_masked-scaffold59-size152908-abinit-gene-0.8,FBgn0200917,-
snap_masked-scaffold553-size31788-abinit-gene-0.5,FBgn0200935,CG10738
snap_masked-scaffold214-size107269-abinit-gene-0.14,FBgn0200947,Reck
maker-scaffold608-size69469-augustus-gene-0.18,FBgn0200962,CG14073
maker-scaffold71-size201782-augustus-gene-1.42,FBgn0200979,Ssk
augustus_masked-scaffold71-size201782-abinit-gene-1.2,FBgn0200980,CG7328
augustus_masked-scaffold71-size201782-abinit-gene-1.4,FBgn0200981,CG7335
augustus_masked-scaffold71-size201782-abinit-gene-1.5,FBgn0200982,-
maker-scaffold71-size201782-augustus-gene-1.43,FBgn0200984,Pitslre
augustus_masked-scaffold137-size142473-abinit-gene-0.0,FBgn0200996,Rcd2
maker-scaffold137-size142473-augustus-gene-0.35,FBgn0200997,CG4825
maker-scaffold137-size142473-augustus-gene-0.40,FBgn0201004,Hpd
maker-scaffold137-size142473-snap-gene-0.59,FBgn0201006,mRpL15
augustus_masked-scaffold137-size142473-abinit-gene-1.2,FBgn0201007,Glg1
maker-scaffold137-size142473-augustus-gene-1.15,FBgn0201009,CG7202
snap_masked-scaffold380-size92745-abinit-gene-0.13,FBgn0201011,-
augustus_masked-scaffold558-size68566-abinit-gene-0.7,FBgn0201063,CG14905
augustus_masked-scaffold496-size78946-abinit-gene-0.0,FBgn0201071,CG7255
augustus_masked-scaffold1185-size39856-abinit-gene-0.3,FBgn0201083,yellow-k
augustus_masked-scaffold869-size86550-abinit-gene-0.12,FBgn0201090,-
maker-scaffold869-size86550-snap-gene-0.41,FBgn0201093,AsnS
augustus_masked-scaffold869-size86550-abinit-gene-0.9,FBgn0201094,chb
augustus_masked-scaffold869-size86550-abinit-gene-0.3,FBgn0201096,CG10512
maker-scaffold654-size41495-augustus-gene-0.14,FBgn0201126,-
maker-scaffold557-size101262-augustus-gene-0.20,FBgn0201152,CG32199
augustus_masked-scaffold557-size101262-abinit-gene-0.3,FBgn0201153,-
maker-scaffold803-size150050-augustus-gene-0.30,FBgn0201161,MED19
maker-scaffold803-size150050-snap-gene-0.40,FBgn0201162,CG5567
snap_masked-scaffold1929-size56826-abinit-gene-0.6,FBgn0201180,Eig71Eb;Eig71Ec
augustus_masked-scaffold1058-size72368-abinit-gene-0.0,FBgn0201220,-
augustus_masked-scaffold1537-size14141-abinit-gene-0.0,FBgn0201230,-
maker-scaffold1537-size14141-snap-gene-0.9,FBgn0201232,Pop2
maker-scaffold1537-size14141-augustus-gene-0.7,FBgn0201233,-
maker-scaffold1171-size39208-augustus-gene-0.13,FBgn0201239,CG7638
augustus_masked-scaffold1171-size39208-abinit-gene-0.3,FBgn0201240,ApepP
augustus_masked-scaffold32-size198344-abinit-gene-1.1,FBgn0201292,-
maker-scaffold32-size198344-snap-gene-0.34,FBgn0201300,CG32137
maker-scaffold32-size198344-augustus-gene-0.24,FBgn0201301,Capr
augustus_masked-scaffold2042-size28187-abinit-gene-0.0,FBgn0201317,Chmp1
augustus_masked-scaffold2042-size28187-abinit-gene-0.1,FBgn0201319,Sgf11
maker-scaffold2042-size28187-snap-gene-0.12,FBgn0201321,GNBP2
maker-scaffold562-size117067-augustus-gene-1.8,FBgn0201323,CG12713
augustus_masked-scaffold1610-size43066-abinit-gene-0.0,FBgn0201327,sff
maker-scaffold1969-size25346-snap-gene-0.4,FBgn0201328,Prestin
maker-scaffold2289-size25829-augustus-gene-0.2,FBgn0201329,Tsp74F
maker-scaffold2215-size26679-snap-gene-0.0,FBgn0201343,-
maker-scaffold1195-size60843-snap-gene-0.12,FBgn0201419,CG2201
maker-scaffold124-size51034-augustus-gene-0.10,FBgn0201568,Or94b
maker-scaffold124-size51034-snap-gene-0.13,FBgn0201583,Nha2
snap_masked-scaffold737-size65969-abinit-gene-0.5,FBgn0201585,CG13840
maker-scaffold1058-size72368-augustus-gene-0.8,FBgn0201694,-
maker-scaffold1127-size100742-snap-gene-0.16,FBgn0201768,-
snap_masked-scaffold1882-size30705-abinit-gene-0.7,FBgn0201911,xmas
maker-scaffold1882-size30705-snap-gene-0.14,FBgn0201912,-
augustus_masked-scaffold1882-size30705-abinit-gene-0.1,FBgn0201913,CG11674
maker-scaffold2028-size10728-snap-gene-0.3,FBgn0201919,fend
maker-scaffold1750-size14214-augustus-gene-0.3,FBgn0201924,-
snap_masked-scaffold2759-size24025-abinit-gene-0.1,FBgn0201984,-
maker-scaffold1882-size30705-augustus-gene-0.10,FBgn0202086,l(1)G0007
augustus_masked-scaffold1882-size30705-abinit-gene-0.2,FBgn0202087,Chchd2
augustus_masked-scaffold2440-size12948-abinit-gene-0.0,FBgn0202100,f
maker-scaffold4938-size10158-snap-gene-0.0,FBgn0202128,CG33303
maker-scaffold2905-size19449-snap-gene-0.10,FBgn0202143,Spn43Ab
snap_masked-scaffold2905-size19449-abinit-gene-0.5,FBgn0202144,CG12828
maker-scaffold1696-size20501-snap-gene-0.16,FBgn0202196,Vha44
augustus_masked-scaffold1723-size42885-abinit-gene-0.0,FBgn0202232,CG33757;CG33758
maker-scaffold2375-size15614-augustus-gene-0.2,FBgn0202254,brp
maker-scaffold2116-size15062-augustus-gene-0.2,FBgn0202284,GLS
maker-scaffold1696-size20501-augustus-gene-0.11,FBgn0202285,nemy
maker-scaffold1696-size20501-augustus-gene-0.12,FBgn0202286,CG4282
maker-scaffold2905-size19449-augustus-gene-0.7,FBgn0202348,Spn43Aa
maker-scaffold420-size103417-augustus-gene-0.15,FBgn0202350,CG33140
maker-scaffold2440-size12948-augustus-gene-0.7,FBgn0202368,CG5107
augustus_masked-scaffold202-size159099-abinit-gene-0.1,FBgn0202375,Moe
maker-scaffold1910-size13421-snap-gene-0.4,FBgn0202379,wgn
maker-scaffold989-size58693-snap-gene-0.21,FBgn0202394,CG32547
snap_masked-scaffold989-size58693-abinit-gene-0.11,FBgn0202395,CG32548
maker-scaffold989-size58693-snap-gene-0.20,FBgn0202396,-
maker-scaffold2680-size24429-snap-gene-0.14,FBgn0202397,CG32549
maker-scaffold2680-size24429-augustus-gene-0.9,FBgn0202398,betaCOP
maker-scaffold2680-size24429-snap-gene-0.12,FBgn0202399,Sec22
snap_masked-scaffold5-size95213-abinit-gene-0.25,FBgn0202401,Nepl4
augustus_masked-scaffold1557-size29052-abinit-gene-0.0,FBgn0202402,-
augustus_masked-scaffold2738-size23179-abinit-gene-0.0,FBgn0202408,-
maker-scaffold2453-size39782-snap-gene-0.14,FBgn0202410,-
maker-scaffold815-size52769-augustus-gene-0.15,FBgn0202422,CG14625
augustus_masked-scaffold815-size52769-abinit-gene-0.3,FBgn0202424,png
augustus_masked-scaffold815-size52769-abinit-gene-0.5,FBgn0202425,Rilpl
maker-scaffold2365-size17141-snap-gene-0.8,FBgn0202426,futsch
snap_masked-scaffold2365-size17141-abinit-gene-0.3,FBgn0202427,Gr2a
maker-scaffold2252-size11854-augustus-gene-0.9,FBgn0202429,CG10803
augustus_masked-scaffold3396-size15007-abinit-gene-0.0,FBgn0202440,dlg1
snap_masked-scaffold1420-size48917-abinit-gene-0.12,FBgn0202442,Sk1
maker-scaffold1420-size48917-augustus-gene-0.16,FBgn0202443,dod
maker-scaffold5-size95213-augustus-gene-0.41,FBgn0202445,CG9497
snap_masked-scaffold1420-size48917-abinit-gene-0.9,FBgn0202446,mei-P26
snap_masked-scaffold3435-size10733-abinit-gene-0.1,FBgn0202448,CG12057
augustus_masked-scaffold638-size26151-abinit-gene-0.1,FBgn0202461,CG10793
augustus_masked-scaffold2164-size14319-abinit-gene-0.0,FBgn0202467,-
augustus_masked-scaffold2584-size11644-abinit-gene-0.0,FBgn0202480,-
maker-scaffold2318-size15563-snap-gene-0.6,FBgn0202482,CG3588
snap_masked-scaffold638-size26151-abinit-gene-0.4,FBgn0202499,-
maker-scaffold1420-size48917-snap-gene-0.27,FBgn0202514,Zpr1
augustus_masked-scaffold1420-size48917-abinit-gene-0.5,FBgn0202516,-
maker-scaffold1420-size48917-augustus-gene-0.20,FBgn0202518,peng
augustus_masked-scaffold1420-size48917-abinit-gene-0.0,FBgn0202519,Evi5
augustus_masked-scaffold214-size107269-abinit-gene-0.9,FBgn0202529,Lrpprc2
maker-scaffold2252-size11854-augustus-gene-0.11,FBgn0202530,-
maker-scaffold2252-size11854-augustus-gene-0.10,FBgn0202531,-
maker-scaffold815-size52769-augustus-gene-0.16,FBgn0202533,-
augustus_masked-scaffold815-size52769-abinit-gene-0.4,FBgn0202534,CG11417
augustus_masked-scaffold815-size52769-abinit-gene-0.2,FBgn0202535,CG14770
maker-scaffold2453-size39782-augustus-gene-0.13,FBgn0202544,CG11638
augustus_masked-scaffold1850-size17865-abinit-gene-0.0,FBgn0202557,-
maker-scaffold2680-size24429-augustus-gene-0.7,FBgn0202560,Tsf1
augustus_masked-scaffold989-size58693-abinit-gene-0.2,FBgn0202561,CG42323
maker-scaffold202-size159099-snap-gene-0.28,FBgn0202582,CG12075
snap_masked-scaffold2733-size29360-abinit-gene-0.3,FBgn0202585,-
maker-scaffold1187-size17110-snap-gene-0.2,FBgn0202600,gny
snap_masked-scaffold2383-size24064-abinit-gene-0.1,FBgn0202603,da
maker-scaffold2217-size57893-snap-gene-0.1,FBgn0202609,Cdk1
maker-scaffold2217-size57893-snap-gene-0.2,FBgn0202613,CG4972
maker-scaffold3298-size13304-snap-gene-0.3,FBgn0202618,Eip55E
maker-scaffold2666-size34786-augustus-gene-0.3,FBgn0202733,GluRIIB
augustus_masked-scaffold246-size161979-abinit-gene-0.0,FBgn0202755,Hsp60A;Hsp60C
augustus_masked-scaffold246-size161979-abinit-gene-0.1,FBgn0202766,-
augustus_masked-scaffold2707-size14929-abinit-gene-0.1,FBgn0202767,Rcd-1
maker-scaffold246-size161979-augustus-gene-0.8,FBgn0202777,Cyp28a5
maker-scaffold246-size161979-snap-gene-1.21,FBgn0202785,CG7236
maker-scaffold246-size161979-snap-gene-1.22,FBgn0202795,CG34011
maker-scaffold786-size57107-augustus-gene-0.27,FBgn0202796,bys
maker-scaffold786-size57107-snap-gene-0.36,FBgn0202797,Tim9b
augustus_masked-scaffold786-size57107-abinit-gene-0.7,FBgn0202798,CG12788
maker-scaffold1686-size68485-snap-gene-0.17,FBgn0202866,CG14439
maker-scaffold3407-size11820-augustus-gene-0.3,FBgn0202903,CG3062
maker-scaffold3407-size11820-augustus-gene-0.4,FBgn0202904,CG3081
augustus_masked-scaffold802-size74521-abinit-gene-0.0,FBgn0202999,CG9578
augustus_masked-scaffold681-size147983-abinit-gene-1.5,FBgn0203004,-
maker-scaffold519-size102323-snap-gene-0.21,FBgn0203031,-
maker-scaffold519-size102323-snap-gene-0.20,FBgn0203042,-
augustus_masked-scaffold1903-size15496-abinit-gene-0.0,FBgn0203063,CG9021
augustus_masked-scaffold4216-size16647-abinit-gene-0.0,FBgn0203068,-
augustus_masked-scaffold852-size125918-abinit-gene-0.1,FBgn0203084,-
maker-scaffold1558-size47948-snap-gene-0.8,FBgn0203138,CG4168
augustus_masked-scaffold786-size57107-abinit-gene-0.11,FBgn0203156,CG14207
maker-scaffold786-size57107-snap-gene-0.39,FBgn0203157,Tyler
augustus_masked-scaffold786-size57107-abinit-gene-0.8,FBgn0203159,CG14210
augustus_masked-scaffold786-size57107-abinit-gene-0.5,FBgn0203161,RpS6
augustus_masked-scaffold2707-size14929-abinit-gene-0.2,FBgn0203190,CG12237
snap_masked-scaffold2707-size14929-abinit-gene-0.6,FBgn0203191,CG13426;CG8860;Sec61gamma
maker-scaffold2707-size14929-augustus-gene-0.10,FBgn0203193,Gtp-bp
maker-scaffold1440-size58071-snap-gene-0.10,FBgn0203225,side-II
augustus_masked-scaffold1252-size42527-abinit-gene-0.2,FBgn0203361,CG14070
snap_masked-scaffold1616-size31793-abinit-gene-0.5,FBgn0203362,-
maker-scaffold1616-size31793-snap-gene-0.10,FBgn0203363,Marcal1
maker-scaffold1616-size31793-augustus-gene-0.7,FBgn0203364,CG34124
augustus_masked-scaffold2423-size15640-abinit-gene-0.2,FBgn0203365,Taf10
maker-scaffold2423-size15640-snap-gene-0.13,FBgn0203366,-
maker-scaffold1864-size18575-snap-gene-0.10,FBgn0203367,tweek
snap_masked-scaffold2354-size46498-abinit-gene-0.4,FBgn0203368,-
maker-scaffold471-size114389-snap-gene-0.21,FBgn0203378,Myo28B1
maker-scaffold99-size88673-augustus-gene-0.18,FBgn0203387,CG31975
augustus_masked-scaffold99-size88673-abinit-gene-0.4,FBgn0203389,CG3164
augustus_masked-scaffold99-size88673-abinit-gene-0.5,FBgn0203403,Gs1
maker-scaffold471-size114389-augustus-gene-1.0,FBgn0203406,CG15425
maker-scaffold471-size114389-augustus-gene-0.20,FBgn0203407,tutl
maker-scaffold471-size114389-snap-gene-0.25,FBgn0203409,Atet
maker-scaffold471-size114389-snap-gene-0.24,FBgn0203410,Tep2
maker-scaffold471-size114389-augustus-gene-0.17,FBgn0203412,CG7025
maker-scaffold706-size24560-snap-gene-0.13,FBgn0203415,-
augustus_masked-scaffold706-size24560-abinit-gene-0.1,FBgn0203416,CG3225
maker-scaffold1864-size18575-augustus-gene-0.7,FBgn0203430,CG31805
maker-scaffold2423-size15640-snap-gene-0.12,FBgn0203431,CG14043
augustus_masked-scaffold1616-size31793-abinit-gene-0.2,FBgn0203432,CG12517
augustus_masked-scaffold1252-size42527-abinit-gene-0.1,FBgn0203433,CG14071
snap_masked-scaffold1765-size42110-abinit-gene-0.3,FBgn0203438,CG31907
augustus_masked-scaffold2682-size10134-abinit-gene-0.0,FBgn0203498,Atg101
augustus_masked-scaffold776-size52828-abinit-gene-0.2,FBgn0203511,CG11629
augustus_masked-scaffold2292-size15287-abinit-gene-0.1,FBgn0203514,CG11384
augustus_masked-scaffold776-size52828-abinit-gene-0.1,FBgn0203518,-
maker-scaffold2292-size15287-augustus-gene-0.4,FBgn0203520,CG11378
maker-scaffold2777-size16540-snap-gene-0.8,FBgn0203580,-
maker-scaffold2777-size16540-snap-gene-0.9,FBgn0203582,CG1582
maker-scaffold1815-size23280-augustus-gene-0.2,FBgn0203592,CG12693
augustus_masked-scaffold2700-size18367-abinit-gene-0.0,FBgn0203595,CG15579
maker-scaffold1734-size30477-augustus-gene-0.8,FBgn0203597,CG15572
augustus_masked-scaffold2498-size21059-abinit-gene-0.1,FBgn0203609,Tip60
maker-scaffold2700-size18367-augustus-gene-0.5,FBgn0203649,CG14050
maker-scaffold3378-size14281-augustus-gene-0.8,FBgn0203659,CG3191
maker-scaffold3378-size14281-augustus-gene-0.7,FBgn0203660,crn
augustus_masked-scaffold2453-size39782-abinit-gene-0.2,FBgn0203744,Ir11a
augustus_masked-scaffold554-size94956-abinit-gene-0.5,FBgn0203759,TrxT
maker-scaffold554-size94956-augustus-gene-0.18,FBgn0203760,Cdk7
maker-scaffold1847-size12663-augustus-gene-0.2,FBgn0203764,CG5062
maker-scaffold2846-size23003-augustus-gene-0.2,FBgn0203765,Vps4
augustus_masked-scaffold3903-size15125-abinit-gene-0.0,FBgn0203769,CG6867
augustus_masked-scaffold3488-size12238-abinit-gene-0.0,FBgn0203770,CG15373
maker-scaffold1516-size29233-snap-gene-0.11,FBgn0203771,Dhc16F
augustus_masked-scaffold1516-size29233-abinit-gene-0.0,FBgn0203772,Ada3
maker-scaffold3705-size14862-snap-gene-0.7,FBgn0203787,-
maker-scaffold944-size43801-augustus-gene-0.9,FBgn0203799,Flo2
snap_masked-scaffold1578-size26725-abinit-gene-0.4,FBgn0203806,CG10347
maker-scaffold1326-size36164-augustus-gene-0.20,FBgn0203817,eIF2Bepsilon
augustus_masked-scaffold2010-size16570-abinit-gene-0.0,FBgn0203818,sicily
maker-scaffold1386-size39429-augustus-gene-0.13,FBgn0203822,CG13760
maker-scaffold1386-size39429-augustus-gene-0.14,FBgn0203823,Vha36-3
augustus_masked-scaffold1836-size29369-abinit-gene-0.0,FBgn0203824,trol
maker-scaffold106-size95086-augustus-gene-0.17,FBgn0203831,CG4096
maker-scaffold2963-size25241-augustus-gene-0.13,FBgn0203836,-
maker-scaffold382-size62944-augustus-gene-0.3,FBgn0203849,Vha100-5
augustus_masked-scaffold14-size177586-abinit-gene-1.2,FBgn0203860,CG14931
augustus_masked-scaffold14-size177586-abinit-gene-1.0,FBgn0203869,CG2493
augustus_masked-scaffold3154-size11315-abinit-gene-0.0,FBgn0203935,CG42258
maker-scaffold2963-size25241-augustus-gene-0.11,FBgn0203941,Fpgs
maker-scaffold2963-size25241-augustus-gene-0.12,FBgn0203942,CG11085
maker-scaffold2036-size33165-augustus-gene-0.10,FBgn0203946,GCS2alpha
maker-scaffold1386-size39429-snap-gene-0.22,FBgn0203957,Pdfr
augustus_masked-scaffold1386-size39429-abinit-gene-0.3,FBgn0203958,AANATL7
maker-scaffold1386-size39429-snap-gene-0.21,FBgn0203959,CG1578
augustus_masked-scaffold2010-size16570-abinit-gene-0.1,FBgn0203963,Rbcn-3B
augustus_masked-scaffold2010-size16570-abinit-gene-0.2,FBgn0203964,mip130
maker-scaffold1642-size42983-augustus-gene-0.6,FBgn0203965,mof
maker-scaffold1642-size42983-augustus-gene-0.7,FBgn0203966,GAA1
maker-scaffold944-size43801-snap-gene-0.14,FBgn0203975,CG9503
maker-scaffold3705-size14862-augustus-gene-0.4,FBgn0203997,CG15725
maker-scaffold1516-size29233-augustus-gene-0.7,FBgn0204013,CG7536
augustus_masked-scaffold554-size94956-abinit-gene-0.6,FBgn0204029,snf
maker-scaffold387-size32679-snap-gene-0.24,FBgn0204045,Sirt1
maker-scaffold2067-size29240-snap-gene-0.5,FBgn0204048,-
augustus_masked-scaffold387-size32679-abinit-gene-0.4,FBgn0204054,CG5439
augustus_masked-scaffold2453-size39782-abinit-gene-0.1,FBgn0204056,-
maker-scaffold387-size32679-augustus-gene-0.18,FBgn0204065,CG5287
maker-scaffold387-size32679-augustus-gene-0.17,FBgn0204076,CG5458
augustus_masked-scaffold1789-size26269-abinit-gene-0.0,FBgn0204088,-
maker-scaffold1064-size30493-augustus-gene-0.12,FBgn0204125,wds
augustus_masked-scaffold3378-size14281-abinit-gene-0.0,FBgn0204147,Or2a
maker-scaffold3267-size11284-augustus-gene-0.4,FBgn0204196,cib
augustus_masked-scaffold3267-size11284-abinit-gene-0.1,FBgn0204197,-
augustus_masked-scaffold2498-size21059-abinit-gene-0.2,FBgn0204198,dgt4
maker-scaffold2498-size21059-snap-gene-0.11,FBgn0204199,tyf
augustus_masked-scaffold1734-size30477-abinit-gene-0.2,FBgn0204205,CG12691
augustus_masked-scaffold1525-size29908-abinit-gene-0.0,FBgn0204209,norpA
augustus_masked-scaffold2777-size16540-abinit-gene-0.1,FBgn0204216,-
maker-scaffold596-size59921-snap-gene-0.36,FBgn0204309,CG34348
maker-scaffold776-size52828-snap-gene-0.16,FBgn0204330,CG31600
maker-scaffold1268-size31467-augustus-gene-0.6,FBgn0204358,CG15406
maker-scaffold802-size74521-snap-gene-0.19,FBgn0204423,CG3645
snap_masked-scaffold802-size74521-abinit-gene-0.9,FBgn0204424,-
maker-scaffold177-size153351-augustus-gene-0.52,FBgn0204457,SLC5A11
maker-scaffold227-size60494-augustus-gene-0.20,FBgn0204505,Fatp1
maker-scaffold227-size60494-augustus-gene-0.21,FBgn0204506,l(2)05287
maker-scaffold469-size126012-snap-gene-1.12,FBgn0204520,CG31921;CG43755
maker-scaffold469-size126012-augustus-gene-0.16,FBgn0204526,CG11911
maker-scaffold427-size80763-snap-gene-0.7,FBgn0204555,fipi
snap_masked-scaffold427-size80763-abinit-gene-0.5,FBgn0204556,-
maker-scaffold106-size95086-augustus-gene-0.16,FBgn0204557,Bsg25A
maker-scaffold202-size159099-snap-gene-1.10,FBgn0204560,dpy
maker-scaffold202-size159099-snap-gene-1.9,FBgn0204561,ine
maker-scaffold202-size159099-augustus-gene-0.27,FBgn0204562,CG15435
augustus_masked-scaffold202-size159099-abinit-gene-0.6,FBgn0204563,mRpL27
snap_masked-scaffold202-size159099-abinit-gene-0.13,FBgn0204566,La
maker-scaffold380-size92745-snap-gene-0.45,FBgn0204576,lace
maker-scaffold1107-size71394-snap-gene-0.22,FBgn0204584,CG18480
snap_masked-scaffold1107-size71394-abinit-gene-0.8,FBgn0204585,-
maker-scaffold1586-size39982-snap-gene-0.11,FBgn0204597,Ipk1
snap_masked-scaffold1316-size15916-abinit-gene-0.2,FBgn0204606,CG11977
maker-scaffold1586-size39982-augustus-gene-0.7,FBgn0204608,Cib2
maker-scaffold1188-size47956-augustus-gene-0.13,FBgn0204614,c-cup
maker-scaffold1188-size47956-snap-gene-0.17,FBgn0204615,Gr22e;Gr22d
augustus_masked-scaffold1188-size47956-abinit-gene-0.3,FBgn0204616,CG33229
maker-scaffold346-size146846-snap-gene-0.31,FBgn0204623,CG5968
snap_masked-scaffold269-size166296-abinit-gene-1.20,FBgn0204649,crol
snap_masked-scaffold269-size166296-abinit-gene-1.16,FBgn0204650,CG14937
maker-scaffold269-size166296-augustus-gene-1.22,FBgn0204652,-
snap_masked-scaffold269-size166296-abinit-gene-1.10,FBgn0204654,-
snap_masked-scaffold269-size166296-abinit-gene-1.14,FBgn0204656,-
maker-scaffold554-size94956-augustus-gene-0.21,FBgn0204658,CG17010
maker-scaffold554-size94956-augustus-gene-0.20,FBgn0204659,mio
augustus_masked-scaffold554-size94956-abinit-gene-0.2,FBgn0204661,papi
maker-scaffold50-size193894-snap-gene-1.40,FBgn0204669,eys
maker-scaffold50-size193894-snap-gene-1.37,FBgn0204672,PAPLA1
maker-scaffold50-size193894-snap-gene-0.49,FBgn0204679,mdy
maker-scaffold50-size193894-augustus-gene-0.36,FBgn0204680,AspRS-m
augustus_masked-scaffold845-size43869-abinit-gene-0.0,FBgn0204690,Mdh1
maker-scaffold2327-size32305-augustus-gene-0.7,FBgn0204709,vri
maker-scaffold290-size88602-snap-gene-0.42,FBgn0204712,lmgB
augustus_masked-scaffold2779-size21017-abinit-gene-0.1,FBgn0204726,CG30158
maker-scaffold1247-size42731-augustus-gene-0.23,FBgn0204750,cutlet
snap_masked-scaffold1247-size42731-abinit-gene-0.16,FBgn0204752,CG31778
maker-scaffold1247-size42731-snap-gene-0.26,FBgn0204754,CG3604
maker-scaffold1141-size97434-snap-gene-0.17,FBgn0204808,Nos
maker-scaffold575-size40633-snap-gene-0.25,FBgn0204864,Pomp
augustus_masked-scaffold575-size40633-abinit-gene-0.5,FBgn0204865,Sgt
maker-scaffold575-size40633-snap-gene-0.24,FBgn0204867,CG5110
augustus_masked-scaffold575-size40633-abinit-gene-0.1,FBgn0204868,CG5131
maker-scaffold1095-size44958-snap-gene-0.20,FBgn0204869,Dhc36C
maker-scaffold1546-size34465-snap-gene-0.21,FBgn0204908,CG15431
augustus_masked-scaffold2225-size37063-abinit-gene-0.0,FBgn0204916,-
augustus_masked-scaffold2130-size62754-abinit-gene-0.0,FBgn0204925,Fas3
augustus_masked-scaffold1045-size112508-abinit-gene-0.1,FBgn0204936,CG10333
augustus_masked-scaffold2575-size17948-abinit-gene-0.0,FBgn0204939,Hsp60B
maker-scaffold1552-size66107-snap-gene-0.26,FBgn0204949,MED15
maker-scaffold2774-size24531-snap-gene-0.21,FBgn0204951,nAChRbeta3
maker-scaffold609-size49904-augustus-gene-0.24,FBgn0204953,Tspo
augustus_masked-scaffold609-size49904-abinit-gene-0.4,FBgn0204954,CG2794
maker-scaffold609-size49904-augustus-gene-0.25,FBgn0204955,Sf3b1
augustus_masked-scaffold609-size49904-abinit-gene-0.8,FBgn0204956,cold
maker-scaffold609-size49904-augustus-gene-0.26,FBgn0204957,Pph13
augustus_masked-scaffold320-size35230-abinit-gene-0.6,FBgn0204966,dock
augustus_masked-scaffold349-size136186-abinit-gene-0.1,FBgn0204972,Or42a
maker-scaffold355-size39217-augustus-gene-0.5,FBgn0204976,Tep3
maker-scaffold355-size39217-augustus-gene-0.6,FBgn0204977,Ntl
maker-scaffold745-size63886-augustus-gene-0.4,FBgn0204983,dpr12
augustus_masked-scaffold203-size96283-abinit-gene-0.1,FBgn0204984,CG14014
augustus_masked-scaffold203-size96283-abinit-gene-0.4,FBgn0204985,Hel25E
maker-scaffold203-size96283-augustus-gene-0.39,FBgn0204986,CG14015
maker-scaffold203-size96283-augustus-gene-0.40,FBgn0204987,tomb
snap_masked-scaffold1562-size33085-abinit-gene-0.6,FBgn0204998,-
snap_masked-scaffold1562-size33085-abinit-gene-0.8,FBgn0204999,mtRNApol
augustus_masked-scaffold1496-size14539-abinit-gene-0.0,FBgn0205025,-
augustus_masked-scaffold747-size76658-abinit-gene-0.4,FBgn0205036,Gpo3
augustus_masked-scaffold747-size76658-abinit-gene-0.2,FBgn0205037,CG9014
maker-scaffold1373-size42007-augustus-gene-0.10,FBgn0205133,CG31729
augustus_masked-scaffold1373-size42007-abinit-gene-0.1,FBgn0205134,CG16825
maker-scaffold368-size54604-snap-gene-0.17,FBgn0205155,gammaTub37C
augustus_masked-scaffold462-size112638-abinit-gene-0.7,FBgn0205228,CG43333
maker-scaffold1905-size16061-augustus-gene-0.4,FBgn0205230,CG15293;CG31769
maker-scaffold38-size181029-augustus-gene-0.17,FBgn0205240,NimB2
snap_masked-scaffold38-size181029-abinit-gene-0.15,FBgn0205243,-
maker-scaffold38-size181029-augustus-gene-1.17,FBgn0205244,Smg5
maker-scaffold38-size181029-augustus-gene-1.18,FBgn0205248,CG33306
maker-scaffold38-size181029-snap-gene-1.27,FBgn0205249,CG33307
augustus_masked-scaffold1173-size78255-abinit-gene-0.12,FBgn0205250,mRpS23
augustus_masked-scaffold1173-size78255-abinit-gene-0.10,FBgn0205251,GatC
augustus_masked-scaffold1173-size78255-abinit-gene-0.9,FBgn0205252,DNApol-gamma35
snap_masked-scaffold1173-size78255-abinit-gene-0.21,FBgn0205254,tam
augustus_masked-scaffold1173-size78255-abinit-gene-0.3,FBgn0205255,Adat1
snap_masked-scaffold171-size153362-abinit-gene-1.17,FBgn0205256,CG16890
maker-scaffold171-size153362-snap-gene-1.42,FBgn0205258,CG9008
maker-scaffold171-size153362-snap-gene-1.41,FBgn0205259,CG10188
augustus_masked-scaffold171-size153362-abinit-gene-1.6,FBgn0205260,CG10189
maker-scaffold171-size153362-snap-gene-1.40,FBgn0205261,CG10194
maker-scaffold171-size153362-augustus-gene-0.32,FBgn0205264,Top2
augustus_masked-scaffold171-size153362-abinit-gene-0.6,FBgn0205265,CG7099
maker-scaffold171-size153362-augustus-gene-0.30,FBgn0205266,CG7110
augustus_masked-scaffold171-size153362-abinit-gene-0.2,FBgn0205267,CG16848
maker-scaffold2548-size34088-snap-gene-0.1,FBgn0205286,CG5731
augustus_masked-scaffold171-size153362-abinit-gene-0.0,FBgn0205290,-
augustus_masked-scaffold171-size153362-abinit-gene-0.1,FBgn0205291,CG16956
augustus_masked-scaffold171-size153362-abinit-gene-0.5,FBgn0205293,CG16957
maker-scaffold171-size153362-augustus-gene-0.28,FBgn0205295,RanGAP
maker-scaffold171-size153362-augustus-gene-0.29,FBgn0205296,CG10026
snap_masked-scaffold171-size153362-abinit-gene-0.12,FBgn0205297,tj
maker-scaffold171-size153362-augustus-gene-1.26,FBgn0205299,CG13084
augustus_masked-scaffold171-size153362-abinit-gene-1.5,FBgn0205301,CG18094
maker-scaffold171-size153362-augustus-gene-1.27,FBgn0205302,swm
maker-scaffold171-size153362-augustus-gene-1.28,FBgn0205303,Top3alpha
maker-scaffold171-size153362-augustus-gene-1.29,FBgn0205304,TM9SF4
augustus_masked-scaffold171-size153362-abinit-gene-1.12,FBgn0205305,p38b
maker-scaffold1173-size78255-augustus-gene-0.22,FBgn0205306,Eato
maker-scaffold1173-size78255-augustus-gene-0.23,FBgn0205307,CG16863
maker-scaffold1173-size78255-augustus-gene-0.24,FBgn0205308,Sec71
maker-scaffold1173-size78255-augustus-gene-0.25,FBgn0205309,CAH1
maker-scaffold1173-size78255-snap-gene-0.36,FBgn0205310,CG16865
maker-scaffold1173-size78255-snap-gene-0.38,FBgn0205311,Sos
augustus_masked-scaffold1173-size78255-abinit-gene-0.5,FBgn0205312,b
maker-scaffold1173-size78255-augustus-gene-0.29,FBgn0205313,Orc5
augustus_masked-scaffold1173-size78255-abinit-gene-0.11,FBgn0205314,RpII33
snap_masked-scaffold1173-size78255-abinit-gene-0.18,FBgn0205315,-
augustus_masked-scaffold38-size181029-abinit-gene-1.3,FBgn0205317,CG7953
augustus_masked-scaffold38-size181029-abinit-gene-1.2,FBgn0205318,CG7968
maker-scaffold38-size181029-snap-gene-1.29,FBgn0205320,CenG1A
augustus_masked-scaffold38-size181029-abinit-gene-1.8,FBgn0205323,Ance-3
maker-scaffold38-size181029-snap-gene-0.30,FBgn0205324,NimA
augustus_masked-scaffold38-size181029-abinit-gene-0.1,FBgn0205325,NimB1
augustus_masked-scaffold1905-size16061-abinit-gene-0.1,FBgn0205338,CG46301
maker-scaffold462-size112638-augustus-gene-0.20,FBgn0205339,CG46301
maker-scaffold1358-size15602-snap-gene-0.4,FBgn0205356,-
augustus_masked-scaffold368-size54604-abinit-gene-0.1,FBgn0205408,pigeon
maker-scaffold1929-size56826-augustus-gene-0.10,FBgn0205453,-
augustus_masked-scaffold747-size76658-abinit-gene-0.3,FBgn0205524,CG9014
maker-scaffold289-size135755-augustus-gene-1.6,FBgn0205532,Shawl
snap_masked-scaffold186-size142235-abinit-gene-1.1,FBgn0205543,CG17570
maker-scaffold349-size136186-augustus-gene-0.21,FBgn0205568,Or42b
augustus_masked-scaffold3018-size10041-abinit-gene-0.0,FBgn0205620,Stim
maker-scaffold1370-size22621-snap-gene-0.7,FBgn0205642,-
augustus_masked-scaffold2428-size19634-abinit-gene-0.2,FBgn0205662,Mfe2
maker-scaffold328-size92609-snap-gene-0.43,FBgn0205666,CG3632
augustus_masked-scaffold1317-size67552-abinit-gene-0.13,FBgn0205668,CG10996
snap_masked-scaffold1317-size67552-abinit-gene-0.22,FBgn0205669,Ost48
maker-scaffold1317-size67552-augustus-gene-0.38,FBgn0205670,CG12772
maker-scaffold1317-size67552-augustus-gene-0.37,FBgn0205671,Usp7
maker-scaffold1317-size67552-augustus-gene-0.36,FBgn0205672,Chrac-16
snap_masked-scaffold1317-size67552-abinit-gene-0.14,FBgn0205673,hang
maker-scaffold2424-size16082-augustus-gene-0.9,FBgn0205674,eIF2Bbeta
maker-scaffold438-size69364-augustus-gene-0.33,FBgn0205675,CG2681
augustus_masked-scaffold438-size69364-abinit-gene-0.2,FBgn0205677,CG2694;CG11322
augustus_masked-scaffold1365-size77360-abinit-gene-0.6,FBgn0205679,CG3679
maker-scaffold1365-size77360-augustus-gene-0.35,FBgn0205680,CG10353
maker-scaffold1365-size77360-augustus-gene-0.36,FBgn0205681,CG10352
augustus_masked-scaffold1855-size36778-abinit-gene-0.0,FBgn0205682,CG12498
maker-scaffold1855-size36778-snap-gene-0.8,FBgn0205683,-
maker-scaffold1365-size77360-augustus-gene-0.44,FBgn0205686,Syx4
maker-scaffold1365-size77360-snap-gene-0.59,FBgn0205687,crm
augustus_masked-scaffold1365-size77360-abinit-gene-0.12,FBgn0205688,CG15739
snap_masked-scaffold1365-size77360-abinit-gene-0.19,FBgn0205690,CG1840;SelG
maker-scaffold1365-size77360-augustus-gene-0.41,FBgn0205691,-
maker-scaffold1365-size77360-snap-gene-0.56,FBgn0205692,Had1
maker-scaffold438-size69364-snap-gene-0.56,FBgn0205693,CG2701
maker-scaffold438-size69364-augustus-gene-0.42,FBgn0205694,CG2685
maker-scaffold2424-size16082-snap-gene-0.16,FBgn0205695,CG2680
augustus_masked-scaffold1317-size67552-abinit-gene-0.7,FBgn0205696,regucalcin
maker-scaffold1317-size67552-augustus-gene-0.30,FBgn0205697,Lsm12
snap_masked-scaffold1317-size67552-abinit-gene-0.15,FBgn0205698,Tango4
maker-scaffold328-size92609-snap-gene-0.49,FBgn0205699,inaE
maker-scaffold328-size92609-snap-gene-0.48,FBgn0205702,CG9911
maker-scaffold2428-size19634-snap-gene-0.9,FBgn0205704,kat80
maker-scaffold1373-size42007-snap-gene-0.11,FBgn0205714,CG42353
augustus_masked-scaffold817-size37988-abinit-gene-0.3,FBgn0205728,CG8046
augustus_masked-scaffold4436-size10155-abinit-gene-0.1,FBgn0205750,-
snap_masked-scaffold1654-size68609-abinit-gene-0.25,FBgn0205752,CG6659
maker-scaffold1654-size68609-augustus-gene-0.35,FBgn0205753,Gr9a
maker-scaffold1654-size68609-augustus-gene-0.34,FBgn0205754,CG2972
augustus_masked-scaffold1654-size68609-abinit-gene-0.6,FBgn0205755,-
maker-scaffold1654-size68609-snap-gene-0.45,FBgn0205756,Ntf-2
maker-scaffold1093-size72171-snap-gene-0.30,FBgn0205759,-
maker-scaffold1093-size72171-snap-gene-0.29,FBgn0205760,Rhp
snap_masked-scaffold1980-size43135-abinit-gene-0.4,FBgn0205761,rut
augustus_masked-scaffold1265-size52839-abinit-gene-0.1,FBgn0205802,CG32816
snap_masked-scaffold2405-size66479-abinit-gene-0.2,FBgn0205803,CG13541
augustus_masked-scaffold1790-size14554-abinit-gene-0.0,FBgn0205809,feo;sofe
augustus_masked-scaffold2953-size12538-abinit-gene-0.1,FBgn0205823,-
maker-scaffold1997-size37267-augustus-gene-0.14,FBgn0205833,CG8945
snap_masked-scaffold1997-size37267-abinit-gene-0.11,FBgn0205834,-
snap_masked-scaffold1997-size37267-abinit-gene-0.8,FBgn0205835,wcy
maker-scaffold2098-size46521-snap-gene-0.16,FBgn0205845,CG8051
maker-scaffold2098-size46521-snap-gene-0.17,FBgn0205847,CG14196
maker-scaffold1365-size77360-augustus-gene-0.33,FBgn0205852,CG9919
snap_masked-scaffold438-size69364-abinit-gene-0.20,FBgn0205853,fs(1)Yb
maker-scaffold438-size69364-augustus-gene-0.36,FBgn0205855,Bx42
maker-scaffold438-size69364-augustus-gene-0.37,FBgn0205856,CG7766
augustus_masked-scaffold438-size69364-abinit-gene-0.9,FBgn0205857,CG9672
maker-scaffold438-size69364-augustus-gene-0.39,FBgn0205862,CG32523;CG9676
maker-scaffold438-size69364-snap-gene-0.53,FBgn0205863,Miga
maker-scaffold438-size69364-augustus-gene-0.41,FBgn0205864,CG32712
maker-scaffold879-size45976-snap-gene-0.22,FBgn0205879,Cht6
augustus_masked-scaffold879-size45976-abinit-gene-0.4,FBgn0205880,-
maker-scaffold879-size45976-snap-gene-0.19,FBgn0205881,CG15760
maker-scaffold3229-size14010-snap-gene-0.6,FBgn0205882,CG1561
augustus_masked-scaffold1470-size25930-abinit-gene-0.0,FBgn0205894,lz
maker-scaffold2990-size13456-snap-gene-0.4,FBgn0205917,ATP8B
maker-scaffold2592-size10383-augustus-gene-0.4,FBgn0205921,CG9723
maker-scaffold807-size77409-snap-gene-0.17,FBgn0205922,Myc
maker-scaffold2356-size16945-snap-gene-0.7,FBgn0205930,PIG-T
maker-scaffold1326-size36164-snap-gene-0.21,FBgn0205931,Dd
augustus_masked-scaffold1326-size36164-abinit-gene-0.1,FBgn0205933,anox
maker-scaffold2331-size31525-augustus-gene-0.5,FBgn0205934,CG1801
maker-scaffold1046-size76348-augustus-gene-0.11,FBgn0205936,CG32521
augustus_masked-scaffold328-size92609-abinit-gene-0.0,FBgn0205940,Stt3A
augustus_masked-scaffold328-size92609-abinit-gene-0.4,FBgn0205941,CG14194
maker-scaffold2552-size12014-snap-gene-0.11,FBgn0205952,CG2124
maker-scaffold349-size136186-snap-gene-0.28,FBgn0205959,l(1)G0196
maker-scaffold720-size40553-snap-gene-0.16,FBgn0205965,CG9609
augustus_masked-scaffold2761-size27380-abinit-gene-0.0,FBgn0205970,CG15800
maker-scaffold1504-size34059-snap-gene-0.3,FBgn0205973,-
maker-scaffold3228-size10731-augustus-gene-0.3,FBgn0205974,Rala
maker-scaffold1897-size11538-augustus-gene-0.2,FBgn0205982,CG4928
augustus_masked-scaffold665-size55465-abinit-gene-0.1,FBgn0205991,Rtc1
maker-scaffold665-size55465-augustus-gene-0.9,FBgn0205992,Yp3
maker-scaffold1288-size49607-augustus-gene-0.9,FBgn0206002,CG5613
maker-scaffold2827-size14669-augustus-gene-0.3,FBgn0206003,p-cup
augustus_masked-scaffold2190-size20712-abinit-gene-0.2,FBgn0206012,CG8508
maker-scaffold1084-size41186-snap-gene-0.14,FBgn0206018,CG31819
maker-scaffold596-size59921-augustus-gene-0.25,FBgn0206026,GCS1
augustus_masked-scaffold1744-size47296-abinit-gene-0.1,FBgn0206027,CG2691
maker-scaffold1652-size16271-snap-gene-0.12,FBgn0206031,Ing3
maker-scaffold1652-size16271-augustus-gene-0.9,FBgn0206032,CG6617
augustus_masked-scaffold855-size58795-abinit-gene-0.0,FBgn0206035,Hexo2
augustus_masked-scaffold855-size58795-abinit-gene-0.2,FBgn0206037,SkpA
augustus_masked-scaffold855-size58795-abinit-gene-0.4,FBgn0206038,CG7101
augustus_masked-scaffold855-size58795-abinit-gene-0.5,FBgn0206039,Pvf1
augustus_masked-scaffold855-size58795-abinit-gene-0.6,FBgn0206041,CG1304;Ser6
augustus_masked-scaffold855-size58795-abinit-gene-0.9,FBgn0206042,SmydA-9
maker-scaffold2357-size19619-augustus-gene-0.9,FBgn0206043,su(r)
maker-scaffold2357-size19619-augustus-gene-0.10,FBgn0206044,CG12106
maker-scaffold2357-size19619-snap-gene-0.15,FBgn0206046,dwg
augustus_masked-scaffold2112-size33075-abinit-gene-0.0,FBgn0206063,RunxA
augustus_masked-scaffold3521-size13050-abinit-gene-0.0,FBgn0206075,CG12446
augustus_masked-scaffold1084-size41186-abinit-gene-0.4,FBgn0206082,fs(1)N
maker-scaffold2234-size27227-augustus-gene-0.3,FBgn0206089,CG7024
augustus_masked-scaffold1265-size52839-abinit-gene-0.3,FBgn0206128,cactin
maker-scaffold2573-size15920-augustus-gene-0.7,FBgn0206139,CG33639
maker-scaffold1863-size53872-snap-gene-0.13,FBgn0206141,Hesr
snap_masked-scaffold1863-size53872-abinit-gene-0.4,FBgn0206142,Andorra
maker-scaffold1326-size36164-augustus-gene-0.17,FBgn0206159,CG12576
augustus_masked-scaffold1326-size36164-abinit-gene-0.5,FBgn0206160,CG42797
maker-scaffold2027-size31906-snap-gene-0.6,FBgn0206165,LPCAT
maker-scaffold2424-size16082-augustus-gene-0.7,FBgn0206172,CG3149
maker-scaffold2424-size16082-augustus-gene-0.8,FBgn0206173,CG2662
maker-scaffold1317-size67552-snap-gene-0.42,FBgn0206174,eIF4H1
maker-scaffold1941-size15811-augustus-gene-0.6,FBgn0206189,yl
maker-scaffold3174-size13350-augustus-gene-0.6,FBgn0206199,tw
maker-scaffold2256-size15850-augustus-gene-0.2,FBgn0206222,Nadsyn
maker-scaffold3174-size13350-augustus-gene-0.7,FBgn0206250,CG13360
augustus_masked-scaffold2909-size34257-abinit-gene-0.1,FBgn0206268,CG41128
maker-scaffold1541-size17835-augustus-gene-0.3,FBgn0206274,-
maker-scaffold1317-size67552-augustus-gene-0.28,FBgn0206286,eIF2alpha
maker-scaffold1317-size67552-augustus-gene-0.29,FBgn0206287,CDC50
maker-scaffold2424-size16082-snap-gene-0.15,FBgn0206288,Ugalt
augustus_masked-scaffold2916-size25430-abinit-gene-0.2,FBgn0206300,CG32396
augustus_masked-scaffold1326-size36164-abinit-gene-0.4,FBgn0206305,rpk
maker-scaffold1863-size53872-snap-gene-0.12,FBgn0206321,Frq2
maker-scaffold2573-size15920-augustus-gene-0.6,FBgn0206323,Him
maker-scaffold1265-size52839-augustus-gene-0.14,FBgn0206333,mal
maker-scaffold1265-size52839-augustus-gene-0.15,FBgn0206334,CG15456
maker-scaffold1265-size52839-augustus-gene-0.16,FBgn0206335,-
augustus_masked-scaffold3439-size23212-abinit-gene-0.1,FBgn0206351,CG1999
maker-scaffold4624-size15441-augustus-gene-0.2,FBgn0206352,CheA7a
maker-scaffold2563-size12175-augustus-gene-0.2,FBgn0206353,-
maker-scaffold2600-size15771-augustus-gene-0.4,FBgn0206363,Pp2C1
maker-scaffold1084-size41186-augustus-gene-0.11,FBgn0206367,CG11409
augustus_masked-scaffold1084-size41186-abinit-gene-0.3,FBgn0206368,-
augustus_masked-scaffold1157-size39137-abinit-gene-0.1,FBgn0206379,CG4151
snap_masked-scaffold1157-size39137-abinit-gene-0.5,FBgn0206380,CG34334
maker-scaffold1157-size39137-snap-gene-0.9,FBgn0206381,CG42346
augustus_masked-scaffold2357-size19619-abinit-gene-0.2,FBgn0206409,CG12056
maker-scaffold2357-size19619-snap-gene-0.16,FBgn0206410,CG12118
maker-scaffold855-size58795-snap-gene-0.34,FBgn0206411,CG15369
snap_masked-scaffold855-size58795-abinit-gene-0.10,FBgn0206413,-
maker-scaffold855-size58795-snap-gene-0.32,FBgn0206414,Flacc
snap_masked-scaffold855-size58795-abinit-gene-0.13,FBgn0206415,CG7332
maker-scaffold855-size58795-augustus-gene-0.22,FBgn0206416,CAH3
maker-scaffold1652-size16271-augustus-gene-0.11,FBgn0206419,Nup35
augustus_masked-scaffold1652-size16271-abinit-gene-0.0,FBgn0206420,DNAlig4
maker-scaffold1744-size47296-snap-gene-0.10,FBgn0206421,Tango2
maker-scaffold596-size59921-augustus-gene-0.28,FBgn0206423,CG12659
snap_masked-scaffold1752-size19262-abinit-gene-0.2,FBgn0206426,corolla
maker-scaffold1084-size41186-snap-gene-0.16,FBgn0206428,-
maker-scaffold2190-size20712-augustus-gene-0.7,FBgn0206435,CG43658
snap_masked-scaffold2053-size50134-abinit-gene-0.5,FBgn0206437,CG15754
augustus_masked-scaffold18-size225254-abinit-gene-1.0,FBgn0206438,-
maker-scaffold1694-size31559-augustus-gene-0.7,FBgn0206440,CG8568
maker-scaffold1288-size49607-snap-gene-0.10,FBgn0206441,CG12994
augustus_masked-scaffold1288-size49607-abinit-gene-0.2,FBgn0206442,CG8611
maker-scaffold665-size55465-snap-gene-0.15,FBgn0206456,CG32625;CG34283
maker-scaffold665-size55465-snap-gene-0.14,FBgn0206457,Pdcd4
maker-scaffold2867-size15860-snap-gene-0.3,FBgn0206472,Mnt
maker-scaffold2761-size27380-snap-gene-0.8,FBgn0206479,CG13003
maker-scaffold720-size40553-augustus-gene-0.11,FBgn0206483,CG1998
augustus_masked-scaffold720-size40553-abinit-gene-0.3,FBgn0206485,mRpL22
augustus_masked-scaffold720-size40553-abinit-gene-0.5,FBgn0206486,CG9132
maker-scaffold2552-size12014-augustus-gene-0.8,FBgn0206498,CG1628
maker-scaffold328-size92609-snap-gene-0.47,FBgn0206507,U2af50
augustus_masked-scaffold328-size92609-abinit-gene-0.5,FBgn0206508,CG7990
augustus_masked-scaffold328-size92609-abinit-gene-0.3,FBgn0206509,CG7914
maker-scaffold328-size92609-snap-gene-0.45,FBgn0206510,Mec2
snap_masked-scaffold328-size92609-abinit-gene-0.27,FBgn0206511,Ir21a
maker-scaffold1002-size30599-augustus-gene-0.6,FBgn0206517,CG34120
augustus_masked-scaffold1002-size30599-abinit-gene-0.1,FBgn0206519,-
augustus_masked-scaffold1002-size30599-abinit-gene-0.2,FBgn0206520,CG1503
augustus_masked-scaffold1046-size76348-abinit-gene-0.0,FBgn0206522,-
maker-scaffold1326-size36164-augustus-gene-0.19,FBgn0206526,Rpt6
snap_masked-scaffold1737-size22803-abinit-gene-0.4,FBgn0206535,CG12206
augustus_masked-scaffold1978-size31250-abinit-gene-0.1,FBgn0206536,CG16781
augustus_masked-scaffold1978-size31250-abinit-gene-0.0,FBgn0206537,CG16782
augustus_masked-scaffold2592-size10383-abinit-gene-0.2,FBgn0206540,CG42512
maker-scaffold2592-size10383-augustus-gene-0.5,FBgn0206541,ATPsyndelta
maker-scaffold3229-size14010-augustus-gene-0.3,FBgn0206564,-
maker-scaffold879-size45976-snap-gene-0.17,FBgn0206565,GstT4
maker-scaffold879-size45976-augustus-gene-0.13,FBgn0206566,Yp2
augustus_masked-scaffold438-size69364-abinit-gene-0.16,FBgn0206580,CG1572
snap_masked-scaffold438-size69364-abinit-gene-0.27,FBgn0206581,CG4653
maker-scaffold438-size69364-augustus-gene-0.45,FBgn0206582,CG4678
maker-scaffold438-size69364-augustus-gene-0.44,FBgn0206583,CCT2
maker-scaffold438-size69364-snap-gene-0.57,FBgn0206584,-
augustus_masked-scaffold1365-size77360-abinit-gene-0.5,FBgn0206587,CalpC
maker-scaffold1929-size56826-snap-gene-0.14,FBgn0206603,-
snap_masked-scaffold1997-size37267-abinit-gene-0.12,FBgn0206604,CG4949
maker-scaffold1997-size37267-augustus-gene-0.17,FBgn0206605,-
snap_masked-scaffold1760-size29917-abinit-gene-0.5,FBgn0206610,CG5004
maker-scaffold1562-size33085-augustus-gene-0.9,FBgn0206619,CG14339
augustus_masked-scaffold2864-size40978-abinit-gene-0.1,FBgn0206621,-
augustus_masked-scaffold1562-size33085-abinit-gene-0.3,FBgn0206629,CG14340
augustus_masked-scaffold1790-size14554-abinit-gene-0.3,FBgn0206635,CG15209
augustus_masked-scaffold1790-size14554-abinit-gene-0.1,FBgn0206637,CG2202
maker-scaffold1265-size52839-augustus-gene-0.13,FBgn0206644,Or1a
maker-scaffold2147-size26392-snap-gene-0.5,FBgn0206648,vnd
maker-scaffold2053-size50134-augustus-gene-0.9,FBgn0206650,CG15756
augustus_masked-scaffold2378-size64464-abinit-gene-0.3,FBgn0206655,CG32631
augustus_masked-scaffold2378-size64464-abinit-gene-0.2,FBgn0206656,CG31086;CG32633
maker-scaffold2378-size64464-snap-gene-0.14,FBgn0206657,Tpst
maker-scaffold1093-size72171-augustus-gene-0.18,FBgn0206675,-
maker-scaffold1093-size72171-augustus-gene-0.19,FBgn0206676,CG7453
maker-scaffold1093-size72171-augustus-gene-0.20,FBgn0206678,-
maker-scaffold1093-size72171-augustus-gene-0.21,FBgn0206680,-
maker-scaffold1654-size68609-snap-gene-0.38,FBgn0206683,CG15449
maker-scaffold1654-size68609-snap-gene-0.39,FBgn0206684,CG1529
augustus_masked-scaffold1654-size68609-abinit-gene-0.7,FBgn0206686,Naxe
maker-scaffold1654-size68609-snap-gene-0.40,FBgn0206687,ZAP3
maker-scaffold1654-size68609-augustus-gene-0.28,FBgn0206688,CG15312
maker-scaffold4436-size10155-augustus-gene-0.4,FBgn0206689,phm
maker-scaffold1781-size28099-augustus-gene-0.5,FBgn0206695,Mad
augustus_masked-scaffold1781-size28099-abinit-gene-0.0,FBgn0206697,ND-B14.5B
maker-scaffold203-size96283-snap-gene-0.57,FBgn0206719,Cap-D3
maker-scaffold203-size96283-augustus-gene-0.45,FBgn0206725,Lam
maker-scaffold203-size96283-snap-gene-0.55,FBgn0206729,Oscillin
augustus_masked-scaffold2335-size47309-abinit-gene-0.0,FBgn0206734,CG31988;CG31624
maker-scaffold355-size39217-snap-gene-0.10,FBgn0206762,CG13793;CG13795;CG13794;CG33296
maker-scaffold1453-size21833-snap-gene-0.5,FBgn0206777,drongo
maker-scaffold322-size249412-augustus-gene-0.9,FBgn0206800,ds
maker-scaffold1792-size44811-augustus-gene-0.19,FBgn0206816,CG6145
snap_masked-scaffold1792-size44811-abinit-gene-0.16,FBgn0206817,Vmat
augustus_masked-scaffold1792-size44811-abinit-gene-0.6,FBgn0206818,mEFTu1
snap_masked-scaffold609-size49904-abinit-gene-0.14,FBgn0206819,Ptth
maker-scaffold1792-size44811-augustus-gene-0.22,FBgn0206821,drk
maker-scaffold1336-size18265-snap-gene-0.8,FBgn0206822,bbc
maker-scaffold1336-size18265-augustus-gene-0.7,FBgn0206823,cbc
augustus_masked-scaffold609-size49904-abinit-gene-0.7,FBgn0206829,Ipk2
augustus_masked-scaffold609-size49904-abinit-gene-0.5,FBgn0206835,Nle
maker-scaffold1519-size18009-snap-gene-0.5,FBgn0206839,or
maker-scaffold609-size49904-snap-gene-0.33,FBgn0206840,Mis12
maker-scaffold609-size49904-snap-gene-0.32,FBgn0206846,rempA
augustus_masked-scaffold2774-size24531-abinit-gene-0.5,FBgn0206847,Ets21C
maker-scaffold2774-size24531-snap-gene-0.23,FBgn0206850,Spp
maker-scaffold2774-size24531-snap-gene-0.22,FBgn0206853,lwr
maker-scaffold1552-size66107-snap-gene-0.30,FBgn0206865,cbt
maker-scaffold2308-size20688-snap-gene-0.0,FBgn0206885,Alas
snap_masked-scaffold1336-size18265-abinit-gene-0.5,FBgn0206899,cid
maker-scaffold1792-size44811-snap-gene-0.31,FBgn0206900,mars
snap_masked-scaffold1792-size44811-abinit-gene-0.9,FBgn0206901,CG13330
maker-scaffold1792-size44811-augustus-gene-0.23,FBgn0206902,CG13331
augustus_masked-scaffold1792-size44811-abinit-gene-0.2,FBgn0206903,CG13332
augustus_masked-scaffold1641-size26128-abinit-gene-0.0,FBgn0206934,Cyp310a1
maker-scaffold1045-size112508-augustus-gene-0.15,FBgn0206939,IFT46
maker-scaffold1045-size112508-augustus-gene-0.16,FBgn0206943,Atac2
maker-scaffold1045-size112508-augustus-gene-0.17,FBgn0206945,CG10413
augustus_masked-scaffold1045-size112508-abinit-gene-0.4,FBgn0206947,amos
maker-scaffold4259-size11555-augustus-gene-0.2,FBgn0206967,CG7402
maker-scaffold3381-size19439-snap-gene-0.5,FBgn0206991,-
augustus_masked-scaffold2225-size37063-abinit-gene-0.1,FBgn0206996,CG15167
augustus_masked-scaffold1546-size34465-abinit-gene-0.2,FBgn0207084,l(2)k05819
maker-scaffold938-size38273-augustus-gene-0.13,FBgn0207182,RtGEF
augustus_masked-scaffold1011-size29701-abinit-gene-0.0,FBgn0207202,CG30069
snap_masked-scaffold621-size26548-abinit-gene-0.5,FBgn0207249,fab1
maker-scaffold642-size61208-augustus-gene-0.12,FBgn0207269,CG12338
augustus_masked-scaffold642-size61208-abinit-gene-0.3,FBgn0207270,Rab3
maker-scaffold2573-size15920-snap-gene-0.11,FBgn0207287,CG12896;Prx2540-2;Prx2540-1
augustus_masked-scaffold772-size62188-abinit-gene-0.2,FBgn0207296,Syb
augustus_masked-scaffold772-size62188-abinit-gene-0.0,FBgn0207298,CG12209
maker-scaffold1095-size44958-augustus-gene-0.12,FBgn0207394,CG15143
maker-scaffold1048-size39987-snap-gene-0.11,FBgn0207436,Mctp
snap_masked-scaffold575-size40633-abinit-gene-0.8,FBgn0207445,GCS2beta
maker-scaffold575-size40633-augustus-gene-0.16,FBgn0207456,fws
maker-scaffold575-size40633-augustus-gene-0.17,FBgn0207475,vari
augustus_masked-scaffold95-size69896-abinit-gene-0.6,FBgn0207511,-
maker-scaffold163-size167610-augustus-gene-1.36,FBgn0207540,Treh
augustus_masked-scaffold163-size167610-abinit-gene-1.5,FBgn0207541,LTV1
maker-scaffold163-size167610-augustus-gene-1.35,FBgn0207542,CG12344
maker-scaffold163-size167610-snap-gene-1.44,FBgn0207545,dgo
maker-scaffold163-size167610-snap-gene-1.43,FBgn0207546,CG30440
maker-scaffold163-size167610-snap-gene-0.42,FBgn0207547,-
maker-scaffold163-size167610-augustus-gene-0.28,FBgn0207556,CG10417
snap_masked-scaffold163-size167610-abinit-gene-0.19,FBgn0207557,CG10465
snap_masked-scaffold163-size167610-abinit-gene-0.14,FBgn0207558,IFT20
snap_masked-scaffold359-size110304-abinit-gene-1.5,FBgn0207560,-
maker-scaffold359-size110304-augustus-gene-0.17,FBgn0207566,snama
maker-scaffold1069-size20986-augustus-gene-0.6,FBgn0207596,DNAlig1
maker-scaffold1069-size20986-snap-gene-0.9,FBgn0207597,PHDP
maker-scaffold778-size88302-augustus-gene-0.18,FBgn0207672,CG30015
snap_masked-scaffold778-size88302-abinit-gene-0.6,FBgn0207673,-
snap_masked-scaffold778-size88302-abinit-gene-0.13,FBgn0207674,CG34396
maker-scaffold273-size57145-augustus-gene-0.15,FBgn0207771,Cyp4ad1
maker-scaffold273-size57145-augustus-gene-0.16,FBgn0207775,Lcp4;Lcp3
maker-scaffold219-size92860-augustus-gene-0.16,FBgn0207776,CG2121
maker-scaffold219-size92860-augustus-gene-0.17,FBgn0207779,CG2127
maker-scaffold818-size60544-snap-gene-0.13,FBgn0207787,CG30371
augustus_masked-scaffold818-size60544-abinit-gene-0.1,FBgn0207789,CG30376
snap_masked-scaffold818-size60544-abinit-gene-0.7,FBgn0207790,CG2291
snap_masked-scaffold274-size124964-abinit-gene-1.8,FBgn0207793,CG14757
maker-scaffold274-size124964-augustus-gene-1.18,FBgn0207795,l(2)k09913
augustus_masked-scaffold649-size114345-abinit-gene-0.1,FBgn0207801,side-VIII
maker-scaffold1895-size12827-snap-gene-0.7,FBgn0207808,CG15701
augustus_masked-scaffold1895-size12827-abinit-gene-0.2,FBgn0207809,CG3687
maker-scaffold196-size118590-augustus-gene-0.33,FBgn0207820,RpIII128
maker-scaffold196-size118590-augustus-gene-0.32,FBgn0207821,Drep1
maker-scaffold589-size50722-snap-gene-0.29,FBgn0207831,Echs1
maker-scaffold589-size50722-augustus-gene-0.21,FBgn0207832,Syngr
maker-scaffold589-size50722-augustus-gene-0.22,FBgn0207833,CG6337
maker-scaffold589-size50722-augustus-gene-0.23,FBgn0207834,fl(2)d
augustus_masked-scaffold16-size143973-abinit-gene-0.3,FBgn0207841,CG34236
maker-scaffold16-size143973-augustus-gene-1.11,FBgn0207844,Camp
maker-scaffold421-size227517-augustus-gene-2.14,FBgn0207849,-
augustus_masked-scaffold421-size227517-abinit-gene-2.0,FBgn0207852,CG15605
maker-scaffold728-size64119-augustus-gene-0.16,FBgn0207874,SerT
maker-scaffold728-size64119-augustus-gene-0.17,FBgn0207876,Slik
maker-scaffold384-size212631-augustus-gene-0.9,FBgn0207886,CG42741
snap_masked-scaffold384-size212631-abinit-gene-0.4,FBgn0207887,CG9896
maker-scaffold384-size212631-snap-gene-1.28,FBgn0207892,CG32246
maker-scaffold384-size212631-augustus-gene-1.21,FBgn0207894,CG3831
maker-scaffold384-size212631-augustus-gene-1.22,FBgn0207895,Nup214
maker-scaffold421-size227517-augustus-gene-0.23,FBgn0207907,CG33964
maker-scaffold421-size227517-snap-gene-0.32,FBgn0207908,Cyp6g1
maker-scaffold421-size227517-augustus-gene-1.20,FBgn0207913,CG43315
augustus_masked-scaffold421-size227517-abinit-gene-1.0,FBgn0207915,CG13168
maker-scaffold421-size227517-augustus-gene-1.22,FBgn0207916,Cam
maker-scaffold587-size34988-augustus-gene-0.13,FBgn0207938,Impbeta11
maker-scaffold1575-size46945-augustus-gene-0.13,FBgn0207967,CG1688
maker-scaffold1575-size46945-augustus-gene-0.14,FBgn0207968,CG1690
maker-scaffold212-size112983-snap-gene-1.23,FBgn0207993,GlyT
augustus_masked-scaffold212-size112983-abinit-gene-1.0,FBgn0207998,CG5554
augustus_masked-scaffold212-size112983-abinit-gene-1.3,FBgn0207999,AGBE
augustus_masked-scaffold643-size37031-abinit-gene-0.3,FBgn0208048,Rep
maker-scaffold643-size37031-augustus-gene-0.18,FBgn0208049,CG15120
augustus_masked-scaffold643-size37031-abinit-gene-0.7,FBgn0208050,CG11007
augustus_masked-scaffold293-size196516-abinit-gene-1.1,FBgn0208053,Ir56c
maker-scaffold32-size198344-augustus-gene-1.40,FBgn0208089,Hsl
maker-scaffold32-size198344-snap-gene-1.56,FBgn0208091,CG8908
maker-scaffold254-size100687-augustus-gene-0.32,FBgn0208097,CG3502
maker-scaffold254-size100687-augustus-gene-0.31,FBgn0208099,Pgm2a
augustus_masked-scaffold254-size100687-abinit-gene-0.1,FBgn0208101,CG30412
augustus_masked-scaffold62-size185257-abinit-gene-0.1,FBgn0208102,Prosbeta5R1
maker-scaffold62-size185257-snap-gene-0.24,FBgn0208105,ord
maker-scaffold62-size185257-augustus-gene-0.20,FBgn0208106,-
maker-scaffold62-size185257-augustus-gene-1.19,FBgn0208108,yip3
maker-scaffold62-size185257-snap-gene-1.24,FBgn0208109,-
maker-scaffold191-size139346-augustus-gene-0.17,FBgn0208129,gprs
augustus_masked-scaffold191-size139346-abinit-gene-0.3,FBgn0208130,CG34457
augustus_masked-scaffold191-size139346-abinit-gene-0.4,FBgn0208131,CG34458
augustus_masked-scaffold191-size139346-abinit-gene-0.6,FBgn0208132,Idgf6
snap_masked-scaffold436-size70063-abinit-gene-0.15,FBgn0208134,Arp53D
snap_masked-scaffold436-size70063-abinit-gene-0.27,FBgn0208135,Vkor
maker-scaffold436-size70063-augustus-gene-0.39,FBgn0208139,CG8778
maker-scaffold436-size70063-augustus-gene-0.38,FBgn0208140,CG8785
maker-scaffold542-size44413-augustus-gene-0.9,FBgn0208150,inaC
maker-scaffold1247-size42731-augustus-gene-0.18,FBgn0208280,CG2816
snap_masked-scaffold1247-size42731-abinit-gene-0.11,FBgn0208291,CG2818
maker-scaffold420-size103417-snap-gene-0.20,FBgn0208313,CG10019
augustus_masked-scaffold3420-size13830-abinit-gene-0.0,FBgn0208321,spab
maker-scaffold532-size33353-augustus-gene-0.10,FBgn0208358,bark
maker-scaffold298-size98478-augustus-gene-0.26,FBgn0208466,lov
maker-scaffold436-size70063-augustus-gene-0.33,FBgn0208477,Iswi
maker-scaffold436-size70063-augustus-gene-0.34,FBgn0208478,ZnT49B
maker-scaffold436-size70063-augustus-gene-0.35,FBgn0208479,CG8646
maker-scaffold191-size139346-augustus-gene-1.6,FBgn0208482,CG15617
maker-scaffold191-size139346-augustus-gene-0.21,FBgn0208485,Picot
maker-scaffold1427-size20679-augustus-gene-0.8,FBgn0208487,Alk
augustus_masked-scaffold62-size185257-abinit-gene-1.4,FBgn0208501,CG3092
maker-scaffold62-size185257-snap-gene-1.25,FBgn0208502,-
snap_masked-scaffold62-size185257-abinit-gene-0.9,FBgn0208503,-
maker-scaffold62-size185257-snap-gene-0.26,FBgn0208504,-
augustus_masked-scaffold254-size100687-abinit-gene-0.2,FBgn0208505,CG9861
augustus_masked-scaffold254-size100687-abinit-gene-0.7,FBgn0208506,CG9863
maker-scaffold254-size100687-snap-gene-0.34,FBgn0208508,CG34210
augustus_masked-scaffold254-size100687-abinit-gene-0.9,FBgn0208509,-
maker-scaffold32-size198344-snap-gene-1.61,FBgn0208519,Ate1
snap_masked-scaffold293-size196516-abinit-gene-1.26,FBgn0208541,sm
maker-scaffold293-size196516-augustus-gene-1.28,FBgn0208542,Ir56d
augustus_masked-scaffold293-size196516-abinit-gene-1.2,FBgn0208543,Ir51b
maker-scaffold643-size37031-snap-gene-0.25,FBgn0208544,CG16926
snap_masked-scaffold643-size37031-abinit-gene-0.8,FBgn0208545,hpo
maker-scaffold643-size37031-augustus-gene-0.19,FBgn0208546,Oseg6
maker-scaffold212-size112983-augustus-gene-1.22,FBgn0208605,eIF6
augustus_masked-scaffold212-size112983-abinit-gene-1.1,FBgn0208607,-
augustus_masked-scaffold1575-size46945-abinit-gene-0.3,FBgn0208632,trpl
augustus_masked-scaffold587-size34988-abinit-gene-0.4,FBgn0208657,Cep89
maker-scaffold587-size34988-augustus-gene-0.15,FBgn0208658,CG8207
maker-scaffold587-size34988-snap-gene-0.17,FBgn0208659,fus
maker-scaffold421-size227517-augustus-gene-0.27,FBgn0208677,-
snap_masked-scaffold421-size227517-abinit-gene-0.14,FBgn0208678,SmF
maker-scaffold421-size227517-augustus-gene-0.26,FBgn0208679,Pcf11
maker-scaffold384-size212631-augustus-gene-1.26,FBgn0208688,mrj
maker-scaffold384-size212631-augustus-gene-1.25,FBgn0208689,Shark
maker-scaffold384-size212631-snap-gene-1.32,FBgn0208691,-
maker-scaffold384-size212631-augustus-gene-1.23,FBgn0208692,CG9849
maker-scaffold384-size212631-augustus-gene-0.11,FBgn0208693,CG31681
maker-scaffold2250-size11609-augustus-gene-0.3,FBgn0208707,-
augustus_masked-scaffold728-size64119-abinit-gene-0.1,FBgn0208716,Rpn8
augustus_masked-scaffold421-size227517-abinit-gene-2.4,FBgn0208741,-
maker-scaffold421-size227517-augustus-gene-2.12,FBgn0208742,Cda9
snap_masked-scaffold421-size227517-abinit-gene-2.9,FBgn0208743,-
maker-scaffold421-size227517-snap-gene-2.17,FBgn0208746,Gbp2
augustus_masked-scaffold412-size42180-abinit-gene-0.0,FBgn0208748,CG43272
augustus_masked-scaffold16-size143973-abinit-gene-1.2,FBgn0208751,CG10939
maker-scaffold589-size50722-augustus-gene-0.28,FBgn0208767,stj
maker-scaffold589-size50722-augustus-gene-0.26,FBgn0208769,ND-20
maker-scaffold589-size50722-augustus-gene-0.25,FBgn0208771,CG6329
maker-scaffold589-size50722-augustus-gene-0.24,FBgn0208772,CG6347
maker-scaffold196-size118590-augustus-gene-0.31,FBgn0208784,otk
augustus_masked-scaffold1895-size12827-abinit-gene-0.1,FBgn0208795,CG7786
maker-scaffold274-size124964-snap-gene-0.15,FBgn0208808,Cyp4d14
augustus_masked-scaffold274-size124964-abinit-gene-1.5,FBgn0208809,Fib
augustus_masked-scaffold274-size124964-abinit-gene-1.0,FBgn0208810,CG8089
maker-scaffold290-size88602-augustus-gene-0.28,FBgn0208811,CG17834
maker-scaffold274-size124964-snap-gene-1.22,FBgn0208814,Mlh1
maker-scaffold818-size60544-augustus-gene-0.10,FBgn0208818,CG14760
augustus_masked-scaffold219-size92860-abinit-gene-0.6,FBgn0208824,-
augustus_masked-scaffold219-size92860-abinit-gene-0.1,FBgn0208825,pdm3
maker-scaffold273-size57145-snap-gene-0.25,FBgn0208826,CSN7
maker-scaffold273-size57145-snap-gene-0.24,FBgn0208827,Lcp1;Lcp2
augustus_masked-scaffold273-size57145-abinit-gene-0.1,FBgn0208828,-
maker-scaffold290-size88602-augustus-gene-0.29,FBgn0208833,CG17261
snap_masked-scaffold1179-size51457-abinit-gene-0.4,FBgn0208853,igl
maker-scaffold290-size88602-snap-gene-0.39,FBgn0208855,FASN1
snap_masked-scaffold2327-size32305-abinit-gene-0.5,FBgn0208899,CG14024
maker-scaffold1069-size20986-snap-gene-0.10,FBgn0208994,Upf3
augustus_masked-scaffold1069-size20986-abinit-gene-0.0,FBgn0208995,DCP1
maker-scaffold1168-size26903-snap-gene-0.7,FBgn0209025,stw
augustus_masked-scaffold163-size167610-abinit-gene-0.0,FBgn0209028,CG10395
maker-scaffold903-size24473-snap-gene-0.3,FBgn0209032,Utx
maker-scaffold163-size167610-augustus-gene-0.26,FBgn0209033,Ir41a
maker-scaffold163-size167610-augustus-gene-0.27,FBgn0209034,CG42827
maker-scaffold163-size167610-augustus-gene-1.27,FBgn0209035,CG7222
maker-scaffold163-size167610-snap-gene-1.40,FBgn0209038,Rbpn-5
maker-scaffold845-size43869-snap-gene-0.12,FBgn0209043,CG5390
maker-scaffold95-size69896-augustus-gene-0.27,FBgn0209072,EDTP
maker-scaffold95-size69896-augustus-gene-0.28,FBgn0209073,Bap55
maker-scaffold845-size43869-snap-gene-0.11,FBgn0209076,Ufd4
maker-scaffold642-size61208-augustus-gene-0.17,FBgn0209079,CG9003
maker-scaffold307-size35683-augustus-gene-0.12,FBgn0209083,tou
maker-scaffold1061-size45191-snap-gene-0.6,FBgn0209139,DIP-lambda
maker-scaffold50-size193894-augustus-gene-0.31,FBgn0209223,CG13282
augustus_masked-scaffold50-size193894-abinit-gene-0.2,FBgn0209232,Cse1
augustus_masked-scaffold50-size193894-abinit-gene-1.0,FBgn0209306,CG43394
maker-scaffold772-size62188-snap-gene-0.21,FBgn0209312,CG12914
augustus_masked-scaffold772-size62188-abinit-gene-0.3,FBgn0209313,CG12913
maker-scaffold772-size62188-snap-gene-0.23,FBgn0209314,CG12911
maker-scaffold642-size61208-augustus-gene-0.15,FBgn0209336,CAH13
maker-scaffold50-size193894-snap-gene-1.34,FBgn0209339,Rab5
maker-scaffold50-size193894-snap-gene-1.35,FBgn0209361,-
maker-scaffold1011-size29701-snap-gene-0.9,FBgn0209417,Sox15
augustus_masked-scaffold1011-size29701-abinit-gene-0.1,FBgn0209418,VGAT
maker-scaffold504-size67110-augustus-gene-0.7,FBgn0209482,Sec24CD
augustus_masked-scaffold554-size94956-abinit-gene-0.1,FBgn0209493,CG15387
augustus_masked-scaffold1192-size44921-abinit-gene-0.0,FBgn0209525,CG15475
augustus_masked-scaffold269-size166296-abinit-gene-1.5,FBgn0209536,CG8892
maker-scaffold269-size166296-snap-gene-1.36,FBgn0209547,MFS18
maker-scaffold269-size166296-snap-gene-1.35,FBgn0209556,mei-41
snap_masked-scaffold269-size166296-abinit-gene-1.18,FBgn0209604,CG7231
snap_masked-scaffold1191-size20670-abinit-gene-0.1,FBgn0209623,CG11815
maker-scaffold619-size47927-augustus-gene-0.14,FBgn0209680,Miro
maker-scaffold390-size32605-augustus-gene-0.11,FBgn0209682,KrT95D
maker-scaffold390-size32605-augustus-gene-0.12,FBgn0209683,CG13604
maker-scaffold390-size32605-augustus-gene-0.13,FBgn0209684,CG13603
maker-scaffold472-size153788-snap-gene-1.30,FBgn0209687,CG12268
augustus_masked-scaffold472-size153788-abinit-gene-0.11,FBgn0209691,PTPMT1
maker-scaffold472-size153788-snap-gene-0.51,FBgn0209693,Lsd-1
maker-scaffold472-size153788-snap-gene-0.50,FBgn0209694,CG10375
snap_masked-scaffold346-size146846-abinit-gene-0.15,FBgn0209807,-
maker-scaffold346-size146846-snap-gene-1.14,FBgn0209818,-
snap_masked-scaffold280-size165039-abinit-gene-1.10,FBgn0209830,-
maker-scaffold2-size192349-snap-gene-0.29,FBgn0209834,CG17751;CG17752
maker-scaffold582-size48677-augustus-gene-0.12,FBgn0209864,CG2224
maker-scaffold582-size48677-augustus-gene-0.13,FBgn0209865,aralar1
maker-scaffold362-size41534-augustus-gene-0.7,FBgn0209904,heph
maker-scaffold1188-size47956-augustus-gene-0.15,FBgn0209914,CG34454
augustus_masked-scaffold1188-size47956-abinit-gene-0.2,FBgn0209925,CG17648
maker-scaffold1188-size47956-snap-gene-0.18,FBgn0209935,wry
snap_masked-scaffold140-size106990-abinit-gene-0.24,FBgn0209936,Mur89F
maker-scaffold140-size106990-augustus-gene-0.64,FBgn0209937,m-cup
augustus_masked-scaffold140-size106990-abinit-gene-0.8,FBgn0209941,CG13857
maker-scaffold140-size106990-augustus-gene-0.60,FBgn0209942,CAH8
maker-scaffold140-size106990-augustus-gene-0.59,FBgn0209944,CG13601
maker-scaffold18-size225254-snap-gene-0.19,FBgn0209955,Cad89D
maker-scaffold777-size71208-snap-gene-0.26,FBgn0210050,Cpr92F
maker-scaffold1316-size15916-snap-gene-0.4,FBgn0210055,Or22c
maker-scaffold363-size96300-augustus-gene-0.29,FBgn0210149,CG1646
maker-scaffold363-size96300-snap-gene-0.38,FBgn0210150,CG1647
maker-scaffold1107-size71394-snap-gene-0.18,FBgn0210179,CG7631
maker-scaffold65-size225172-augustus-gene-2.18,FBgn0210180,TwdlC
augustus_masked-scaffold65-size225172-abinit-gene-2.1,FBgn0210181,CG31077
maker-scaffold65-size225172-snap-gene-1.26,FBgn0210182,RYa-R
maker-scaffold65-size225172-augustus-gene-0.43,FBgn0210187,CG17189
maker-scaffold1107-size71394-augustus-gene-0.15,FBgn0210190,Or35a
maker-scaffold1424-size28671-augustus-gene-0.3,FBgn0210198,kek6
augustus_masked-scaffold1103-size32832-abinit-gene-0.0,FBgn0210289,CG4467
maker-scaffold630-size43329-snap-gene-0.10,FBgn0210364,tinc
maker-scaffold115-size186799-augustus-gene-0.25,FBgn0210379,UK114
maker-scaffold202-size159099-augustus-gene-0.22,FBgn0210411,spir
augustus_masked-scaffold1784-size32382-abinit-gene-0.5,FBgn0210420,E(spl)m5-HLH
augustus_masked-scaffold1784-size32382-abinit-gene-0.4,FBgn0210421,E(spl)m4-BFM
maker-scaffold202-size159099-snap-gene-0.30,FBgn0210422,CG15443
maker-scaffold202-size159099-snap-gene-0.31,FBgn0210433,FIG4
maker-scaffold340-size106888-snap-gene-0.9,FBgn0210439,side-VI
snap_masked-scaffold18-size225254-abinit-gene-2.6,FBgn0210442,Ugt302C1
maker-scaffold18-size225254-augustus-gene-2.11,FBgn0210443,CG4757
maker-scaffold365-size98652-snap-gene-0.18,FBgn0210451,Ald1
maker-scaffold365-size98652-snap-gene-0.17,FBgn0210452,-
augustus_masked-scaffold106-size95086-abinit-gene-0.3,FBgn0210453,-
maker-scaffold718-size61946-snap-gene-0.27,FBgn0210455,CG34130
snap_masked-scaffold718-size61946-abinit-gene-0.11,FBgn0210456,Usp8
maker-scaffold718-size61946-augustus-gene-0.18,FBgn0210457,meigo
maker-scaffold195-size50053-snap-gene-0.27,FBgn0210462,-
augustus_masked-scaffold195-size50053-abinit-gene-0.5,FBgn0210465,CG9444
augustus_masked-scaffold195-size50053-abinit-gene-0.7,FBgn0210466,COX5A
maker-scaffold359-size110304-snap-gene-1.8,FBgn0210467,Esyt2
maker-scaffold1307-size30199-augustus-gene-0.20,FBgn0210468,mld
maker-scaffold1307-size30199-augustus-gene-0.19,FBgn0210470,CG8142
augustus_masked-scaffold1307-size30199-abinit-gene-0.2,FBgn0210471,CG8149
snap_masked-scaffold106-size95086-abinit-gene-0.11,FBgn0210486,Elba3
snap_masked-scaffold427-size80763-abinit-gene-0.4,FBgn0210508,Taf12L
maker-scaffold695-size43994-snap-gene-0.10,FBgn0210560,CG45105
augustus_masked-scaffold1019-size110373-abinit-gene-1.0,FBgn0210664,Wsck
maker-scaffold1431-size73768-snap-gene-0.39,FBgn0210669,Task7
augustus_masked-scaffold1431-size73768-abinit-gene-0.7,FBgn0210671,-
maker-scaffold1431-size73768-snap-gene-0.36,FBgn0210674,FER
augustus_masked-scaffold2133-size29360-abinit-gene-0.0,FBgn0210699,dan
maker-scaffold2133-size29360-snap-gene-0.3,FBgn0210703,-
maker-scaffold469-size126012-snap-gene-0.17,FBgn0210707,RapGAP1
maker-scaffold469-size126012-snap-gene-1.11,FBgn0210717,Plc21C
maker-scaffold1431-size73768-augustus-gene-0.22,FBgn0210732,CG18473
augustus_masked-scaffold1431-size73768-abinit-gene-0.1,FBgn0210733,Srr
maker-scaffold1431-size73768-augustus-gene-0.26,FBgn0210737,alpha-Man-IIa
snap_masked-scaffold1019-size110373-abinit-gene-1.3,FBgn0210740,phu
maker-scaffold1019-size110373-snap-gene-0.28,FBgn0210741,atl
maker-scaffold1019-size110373-snap-gene-0.25,FBgn0210745,slo
snap_masked-scaffold77-size314389-abinit-gene-1.15,FBgn0210870,Hel89B
maker-scaffold77-size314389-snap-gene-1.34,FBgn0210871,Cad99C
maker-scaffold227-size60494-augustus-gene-0.25,FBgn0210887,CG34136
augustus_masked-scaffold227-size60494-abinit-gene-0.3,FBgn0210897,CG9257
maker-scaffold1307-size30199-augustus-gene-0.15,FBgn0210941,rump
maker-scaffold1307-size30199-snap-gene-0.22,FBgn0210942,RhoL
maker-scaffold1307-size30199-augustus-gene-0.17,FBgn0210943,e(y)1
augustus_masked-scaffold1307-size30199-abinit-gene-0.6,FBgn0210944,Syx18
snap_masked-scaffold359-size110304-abinit-gene-1.3,FBgn0210946,REPTOR
snap_masked-scaffold195-size50053-abinit-gene-0.17,FBgn0210947,CG6959
augustus_masked-scaffold195-size50053-abinit-gene-0.8,FBgn0210948,Kyat
maker-scaffold195-size50053-snap-gene-0.31,FBgn0210949,p23
maker-scaffold195-size50053-snap-gene-0.30,FBgn0210950,nmdyn-D7
maker-scaffold195-size50053-augustus-gene-0.23,FBgn0210952,CG5862
maker-scaffold718-size61946-snap-gene-0.23,FBgn0210954,cDIP
maker-scaffold365-size98652-augustus-gene-0.12,FBgn0210955,CG12290
maker-scaffold365-size98652-augustus-gene-0.13,FBgn0210956,CG6154
snap_masked-scaffold18-size225254-abinit-gene-2.5,FBgn0210969,Ugt35B1
snap_masked-scaffold1324-size17127-abinit-gene-0.1,FBgn0210971,CG6629
augustus_masked-scaffold596-size59921-abinit-gene-0.7,FBgn0211034,Archease
maker-scaffold630-size43329-snap-gene-0.11,FBgn0211064,CG32755
maker-scaffold98-size268873-snap-gene-1.33,FBgn0211163,-
maker-scaffold65-size225172-augustus-gene-0.36,FBgn0211217,CAH9
maker-scaffold65-size225172-augustus-gene-0.38,FBgn0211219,-
maker-scaffold65-size225172-augustus-gene-2.15,FBgn0211226,CG6283
maker-scaffold65-size225172-snap-gene-2.23,FBgn0211228,-
maker-scaffold65-size225172-augustus-gene-2.16,FBgn0211231,CG6296
augustus_masked-scaffold349-size136186-abinit-gene-1.6,FBgn0211256,CG31156
maker-scaffold363-size96300-augustus-gene-0.22,FBgn0211261,WASp
maker-scaffold363-size96300-augustus-gene-0.23,FBgn0211262,CG1523
maker-scaffold1168-size26903-augustus-gene-0.6,FBgn0211273,DPCoAC
maker-scaffold82-size64957-augustus-gene-0.13,FBgn0211280,-
maker-scaffold1894-size20891-augustus-gene-0.9,FBgn0211332,jvl
snap_masked-scaffold777-size71208-abinit-gene-0.14,FBgn0211366,CG4000
maker-scaffold177-size153351-snap-gene-0.78,FBgn0211372,Atxn7
maker-scaffold177-size153351-augustus-gene-0.60,FBgn0211383,CG8460
snap_masked-scaffold177-size153351-abinit-gene-0.38,FBgn0211394,PGAP5
maker-scaffold349-size136186-snap-gene-0.29,FBgn0211398,ppk22
maker-scaffold177-size153351-augustus-gene-0.58,FBgn0211414,Ssb-c31a
maker-scaffold177-size153351-snap-gene-0.75,FBgn0211447,CG8349
maker-scaffold223-size114676-augustus-gene-1.9,FBgn0211449,CG6125
maker-scaffold18-size225254-augustus-gene-0.15,FBgn0211466,GstD9
maker-scaffold140-size106990-snap-gene-0.67,FBgn0211487,CG9684
snap_masked-scaffold140-size106990-abinit-gene-0.27,FBgn0211488,PyK
augustus_masked-scaffold140-size106990-abinit-gene-0.4,FBgn0211489,CG18596
augustus_masked-scaffold140-size106990-abinit-gene-0.5,FBgn0211493,Gpdh3
maker-scaffold140-size106990-augustus-gene-0.51,FBgn0211494,CG7059
maker-scaffold140-size106990-augustus-gene-0.55,FBgn0211499,TAF1B
maker-scaffold140-size106990-augustus-gene-0.56,FBgn0211500,tws
maker-scaffold140-size106990-augustus-gene-0.57,FBgn0211501,knk
maker-scaffold140-size106990-augustus-gene-0.58,FBgn0211505,CG5292
augustus_masked-scaffold582-size48677-abinit-gene-0.0,FBgn0211580,CDase
augustus_masked-scaffold18-size225254-abinit-gene-1.1,FBgn0211581,spdo
maker-scaffold2-size192349-snap-gene-0.33,FBgn0211615,CG6231
maker-scaffold316-size68046-augustus-gene-0.12,FBgn0211685,gpp
maker-scaffold472-size153788-snap-gene-0.44,FBgn0211719,Nup98-96
maker-scaffold472-size153788-augustus-gene-0.32,FBgn0211720,CG10208
augustus_masked-scaffold472-size153788-abinit-gene-0.10,FBgn0211724,CG10217
augustus_masked-scaffold472-size153788-abinit-gene-1.4,FBgn0211726,Hrd3
maker-scaffold472-size153788-augustus-gene-1.18,FBgn0211728,Rpn9
maker-scaffold750-size79087-snap-gene-0.21,FBgn0211730,CG31140
augustus_masked-scaffold390-size32605-abinit-gene-0.3,FBgn0211731,CG5902
maker-scaffold390-size32605-snap-gene-0.18,FBgn0211732,Rab7
maker-scaffold619-size47927-snap-gene-0.25,FBgn0211736,Mettl3
maker-scaffold619-size47927-augustus-gene-0.17,FBgn0211737,spas
maker-scaffold958-size56667-snap-gene-0.13,FBgn0211764,dpr9
augustus_masked-scaffold596-size59921-abinit-gene-0.6,FBgn0260961,-
augustus_masked-scaffold95-size69896-abinit-gene-0.8,FBgn0263275,Lhr
maker-scaffold1069-size20986-snap-gene-0.11,-,-
maker-scaffold1123-size29965-augustus-gene-0.6,-,-
maker-scaffold1173-size78255-snap-gene-0.37,-,-
maker-scaffold1188-size47956-snap-gene-0.20,-,-
maker-scaffold1195-size60843-augustus-gene-0.11,-,-
maker-scaffold1219-size29390-snap-gene-0.4,-,-
maker-scaffold1240-size55914-augustus-gene-0.34,-,-
maker-scaffold1292-size24212-snap-gene-0.2,-,-
maker-scaffold1307-size30199-augustus-gene-0.18,-,-
maker-scaffold1317-size67552-augustus-gene-0.32,-,-
maker-scaffold1317-size67552-augustus-gene-0.33,-,-
maker-scaffold1317-size67552-augustus-gene-0.35,-,-
maker-scaffold1397-size80799-snap-gene-0.10,-,-
maker-scaffold1417-size30974-augustus-gene-0.4,-,-
maker-scaffold1431-size73768-augustus-gene-0.28,-,-
maker-scaffold1431-size73768-snap-gene-0.38,-,-
maker-scaffold1442-size69153-snap-gene-0.7,-,-
maker-scaffold1496-size14539-snap-gene-0.5,-,-
maker-scaffold1533-size58606-augustus-gene-0.14,-,-
maker-scaffold1546-size34465-augustus-gene-0.13,-,-
maker-scaffold1546-size34465-snap-gene-0.20,-,-
maker-scaffold1552-size66107-snap-gene-0.27,-,-
maker-scaffold16-size143973-snap-gene-0.11,-,-
maker-scaffold1600-size38579-snap-gene-0.4,-,-
maker-scaffold1691-size17332-snap-gene-0.1,-,-
maker-scaffold1737-size22803-augustus-gene-0.5,-,-
maker-scaffold1752-size19262-augustus-gene-0.5,-,-
maker-scaffold177-size153351-snap-gene-0.70,-,-
maker-scaffold1816-size40619-augustus-gene-0.3,-,-
maker-scaffold1863-size53872-snap-gene-0.11,-,-
maker-scaffold191-size139346-snap-gene-0.29,-,-
maker-scaffold1936-size38040-snap-gene-0.6,-,-
maker-scaffold196-size118590-snap-gene-0.39,-,-
maker-scaffold1991-size32801-augustus-gene-0.3,-,-
maker-scaffold2034-size14843-augustus-gene-0.3,-,-
maker-scaffold2036-size33165-snap-gene-0.12,-,-
maker-scaffold2042-size28187-snap-gene-0.11,-,-
maker-scaffold2042-size28187-snap-gene-0.13,-,-
maker-scaffold212-size112983-snap-gene-1.24,-,-
maker-scaffold2252-size11854-augustus-gene-0.8,-,-
maker-scaffold2331-size31525-augustus-gene-0.6,-,-
maker-scaffold2353-size11311-augustus-gene-0.1,-,-
maker-scaffold2356-size16945-augustus-gene-0.4,-,-
maker-scaffold24-size118282-snap-gene-0.52,-,-
maker-scaffold2423-size15640-snap-gene-0.14,-,-
maker-scaffold2440-size12948-augustus-gene-0.8,-,-
maker-scaffold245-size135082-augustus-gene-0.14,-,-
maker-scaffold250-size60311-augustus-gene-0.4,-,-
maker-scaffold2552-size12014-augustus-gene-0.7,-,-
maker-scaffold2610-size26624-snap-gene-0.6,-,-
maker-scaffold266-size117996-snap-gene-1.5,-,-
maker-scaffold2689-size17035-snap-gene-0.0,-,-
maker-scaffold273-size57145-augustus-gene-0.20,-,-
maker-scaffold2739-size15083-augustus-gene-0.3,-,-
maker-scaffold2771-size22421-snap-gene-0.4,-,-
maker-scaffold2946-size47827-snap-gene-0.1,-,-
maker-scaffold2953-size12538-augustus-gene-0.4,-,-
maker-scaffold298-size98478-snap-gene-0.28,-,-
maker-scaffold30-size93694-snap-gene-0.33,-,-
maker-scaffold3104-size10297-snap-gene-0.3,-,-
maker-scaffold3113-size11786-snap-gene-0.4,-,-
maker-scaffold32-size198344-snap-gene-1.51,-,-
maker-scaffold322-size249412-snap-gene-0.12,-,-
maker-scaffold3274-size10882-snap-gene-0.3,-,-
maker-scaffold328-size92609-snap-gene-0.38,-,-
maker-scaffold3285-size11193-augustus-gene-0.3,-,-
maker-scaffold3372-size25175-snap-gene-0.1,-,-
maker-scaffold346-size146846-augustus-gene-1.11,-,-
maker-scaffold3535-size14453-snap-gene-0.1,-,-
maker-scaffold3590-size23776-snap-gene-0.0,-,-
maker-scaffold38-size181029-augustus-gene-0.18,-,-
maker-scaffold38-size181029-augustus-gene-0.23,-,-
maker-scaffold38-size181029-snap-gene-0.27,-,-
maker-scaffold429-size111872-augustus-gene-1.2,-,-
maker-scaffold436-size70063-augustus-gene-0.40,-,-
maker-scaffold462-size112638-snap-gene-0.26,-,-
maker-scaffold469-size126012-snap-gene-0.18,-,-
maker-scaffold519-size102323-snap-gene-0.19,-,-
maker-scaffold534-size63463-augustus-gene-0.15,-,-
maker-scaffold589-size50722-snap-gene-0.32,-,-
maker-scaffold589-size50722-snap-gene-0.36,-,-
maker-scaffold71-size201782-augustus-gene-1.51,-,-
maker-scaffold783-size78001-snap-gene-0.44,-,-
maker-scaffold79-size113372-augustus-gene-0.48,-,-
maker-scaffold811-size79825-snap-gene-0.45,-,-
maker-scaffold815-size52769-snap-gene-0.17,-,-
maker-scaffold845-size43869-augustus-gene-0.6,-,-
maker-scaffold864-size87323-snap-gene-0.21,-,-
maker-scaffold903-size24473-augustus-gene-0.1,-,-
maker-scaffold903-size24473-snap-gene-0.4,-,-
maker-scaffold989-size58693-augustus-gene-0.15,-,-
maker-scaffold989-size58693-snap-gene-0.19,-,-
snap_masked-scaffold1003-size39306-abinit-gene-0.4,-,-
snap_masked-scaffold1006-size83466-abinit-gene-0.6,-,-
snap_masked-scaffold1019-size110373-abinit-gene-0.16,-,-
snap_masked-scaffold1107-size71394-abinit-gene-0.12,-,-
snap_masked-scaffold1195-size60843-abinit-gene-0.6,-,-
snap_masked-scaffold1240-size55914-abinit-gene-0.27,-,-
snap_masked-scaffold1290-size27701-abinit-gene-0.3,-,-
snap_masked-scaffold1323-size41913-abinit-gene-0.6,-,-
snap_masked-scaffold1358-size15602-abinit-gene-0.2,-,-
snap_masked-scaffold1575-size46945-abinit-gene-0.7,-,-
snap_masked-scaffold1648-size13318-abinit-gene-0.3,-,-
snap_masked-scaffold1790-size14554-abinit-gene-0.4,-,-
snap_masked-scaffold1938-size38722-abinit-gene-0.0,-,-
snap_masked-scaffold196-size118590-abinit-gene-0.18,-,-
snap_masked-scaffold1997-size37267-abinit-gene-0.10,-,-
snap_masked-scaffold2-size192349-abinit-gene-0.13,-,-
snap_masked-scaffold2027-size31906-abinit-gene-0.1,-,-
snap_masked-scaffold2137-size10144-abinit-gene-0.0,-,-
snap_masked-scaffold2234-size27227-abinit-gene-0.1,-,-
snap_masked-scaffold2327-size32305-abinit-gene-0.6,-,-
snap_masked-scaffold2426-size26082-abinit-gene-0.1,-,-
snap_masked-scaffold2498-size21059-abinit-gene-0.5,-,-
snap_masked-scaffold257-size144893-abinit-gene-0.24,-,-
snap_masked-scaffold2720-size18578-abinit-gene-0.0,-,-
snap_masked-scaffold280-size165039-abinit-gene-1.6,-,-
snap_masked-scaffold293-size196516-abinit-gene-1.18,-,-
snap_masked-scaffold2946-size47827-abinit-gene-0.0,-,-
snap_masked-scaffold298-size98478-abinit-gene-0.13,-,-
snap_masked-scaffold346-size146846-abinit-gene-1.5,-,-
snap_masked-scaffold371-size89062-abinit-gene-0.15,-,-
snap_masked-scaffold38-size181029-abinit-gene-0.13,-,-
snap_masked-scaffold38-size181029-abinit-gene-0.16,-,-
snap_masked-scaffold380-size92745-abinit-gene-0.23,-,-
snap_masked-scaffold4086-size14402-abinit-gene-0.2,-,-
snap_masked-scaffold5-size95213-abinit-gene-0.27,-,-
snap_masked-scaffold50-size193894-abinit-gene-1.20,-,-
snap_masked-scaffold50-size193894-abinit-gene-1.9,-,-
snap_masked-scaffold519-size102323-abinit-gene-0.11,-,-
snap_masked-scaffold609-size49904-abinit-gene-0.20,-,-
snap_masked-scaffold643-size37031-abinit-gene-0.9,-,-
snap_masked-scaffold776-size52828-abinit-gene-0.6,-,-
snap_masked-scaffold783-size78001-abinit-gene-0.17,-,-
